Word,Negative,Positive,Uncertainty,Litigious,Strong,Weak,Constraining
ABANDON,1,0,0,0,0,0,0
ABANDONED,1,0,0,0,0,0,0
ABANDONING,1,0,0,0,0,0,0
ABANDONMENT,1,0,0,0,0,0,0
ABANDONMENTS,1,0,0,0,0,0,0
ABANDONS,1,0,0,0,0,0,0
ABDICATED,1,0,0,0,0,0,0
ABDICATES,1,0,0,0,0,0,0
ABDICATING,1,0,0,0,0,0,0
ABDICATION,1,0,0,0,0,0,0
ABDICATIONS,1,0,0,0,0,0,0
ABERRANT,1,0,0,0,0,0,0
ABERRATION,1,0,0,0,0,0,0
ABERRATIONAL,1,0,0,0,0,0,0
ABERRATIONS,1,0,0,0,0,0,0
ABETTING,1,0,0,0,0,0,0
ABEYANCE,0,0,1,0,0,0,0
ABEYANCES,0,0,1,0,0,0,0
ABIDE,0,0,0,0,0,0,1
ABIDING,0,0,0,0,0,0,1
ABLE,0,1,0,0,0,0,0
ABNORMAL,1,0,0,0,0,0,0
ABNORMALITIES,1,0,0,0,0,0,0
ABNORMALITY,1,0,0,0,0,0,0
ABNORMALLY,1,0,0,0,0,0,0
ABOLISH,1,0,0,0,0,0,0
ABOLISHED,1,0,0,0,0,0,0
ABOLISHES,1,0,0,0,0,0,0
ABOLISHING,1,0,0,0,0,0,0
ABOVEMENTIONED,0,0,0,1,0,0,0
ABROGATE,1,0,0,1,0,0,0
ABROGATED,1,0,0,1,0,0,0
ABROGATES,1,0,0,1,0,0,0
ABROGATING,1,0,0,1,0,0,0
ABROGATION,1,0,0,1,0,0,0
ABROGATIONS,1,0,0,1,0,0,0
ABRUPT,1,0,0,0,0,0,0
ABRUPTLY,1,0,0,0,0,0,0
ABRUPTNESS,1,0,0,0,0,0,0
ABSENCE,1,0,0,0,0,0,0
ABSENCES,1,0,0,0,0,0,0
ABSENTEEISM,1,0,0,0,0,0,0
ABSOLVE,0,0,0,1,0,0,0
ABSOLVED,0,0,0,1,0,0,0
ABSOLVES,0,0,0,1,0,0,0
ABSOLVING,0,0,0,1,0,0,0
ABUNDANCE,0,1,0,0,0,0,0
ABUNDANT,0,1,0,0,0,0,0
ABUSE,1,0,0,0,0,0,0
ABUSED,1,0,0,0,0,0,0
ABUSES,1,0,0,0,0,0,0
ABUSING,1,0,0,0,0,0,0
ABUSIVE,1,0,0,0,0,0,0
ABUSIVELY,1,0,0,0,0,0,0
ABUSIVENESS,1,0,0,0,0,0,0
ACCESSION,0,0,0,1,0,0,0
ACCESSIONS,0,0,0,1,0,0,0
ACCIDENT,1,0,0,0,0,0,0
ACCIDENTAL,1,0,0,0,0,0,0
ACCIDENTALLY,1,0,0,0,0,0,0
ACCIDENTS,1,0,0,0,0,0,0
ACCLAIMED,0,1,0,0,0,0,0
ACCOMPLISH,0,1,0,0,0,0,0
ACCOMPLISHED,0,1,0,0,0,0,0
ACCOMPLISHES,0,1,0,0,0,0,0
ACCOMPLISHING,0,1,0,0,0,0,0
ACCOMPLISHMENT,0,1,0,0,0,0,0
ACCOMPLISHMENTS,0,1,0,0,0,0,0
ACCUSATION,1,0,0,0,0,0,0
ACCUSATIONS,1,0,0,0,0,0,0
ACCUSE,1,0,0,0,0,0,0
ACCUSED,1,0,0,0,0,0,0
ACCUSES,1,0,0,0,0,0,0
ACCUSING,1,0,0,0,0,0,0
ACHIEVE,0,1,0,0,0,0,0
ACHIEVED,0,1,0,0,0,0,0
ACHIEVEMENT,0,1,0,0,0,0,0
ACHIEVEMENTS,0,1,0,0,0,0,0
ACHIEVES,0,1,0,0,0,0,0
ACHIEVING,0,1,0,0,0,0,0
ACQUIESCE,1,0,0,0,0,0,0
ACQUIESCED,1,0,0,0,0,0,0
ACQUIESCES,1,0,0,0,0,0,0
ACQUIESCING,1,0,0,0,0,0,0
ACQUIREES,0,0,0,1,0,0,0
ACQUIRORS,0,0,0,1,0,0,0
ACQUIT,1,0,0,1,0,0,0
ACQUITS,1,0,0,1,0,0,0
ACQUITTAL,1,0,0,1,0,0,0
ACQUITTALS,1,0,0,1,0,0,0
ACQUITTANCE,0,0,0,1,0,0,0
ACQUITTANCES,0,0,0,1,0,0,0
ACQUITTED,1,0,0,1,0,0,0
ACQUITTING,1,0,0,1,0,0,0
ADDENDUMS,0,0,0,1,0,0,0
ADEQUATELY,0,1,0,0,0,0,0
ADJOURN,0,0,0,1,0,0,0
ADJOURNED,0,0,0,1,0,0,0
ADJOURNING,0,0,0,1,0,0,0
ADJOURNMENT,0,0,0,1,0,0,0
ADJOURNMENTS,0,0,0,1,0,0,0
ADJOURNS,0,0,0,1,0,0,0
ADJUDGE,0,0,0,1,0,0,0
ADJUDGED,0,0,0,1,0,0,0
ADJUDGES,0,0,0,1,0,0,0
ADJUDGING,0,0,0,1,0,0,0
ADJUDICATE,0,0,0,1,0,0,0
ADJUDICATED,0,0,0,1,0,0,0
ADJUDICATES,0,0,0,1,0,0,0
ADJUDICATING,0,0,0,1,0,0,0
ADJUDICATION,0,0,0,1,0,0,0
ADJUDICATIONS,0,0,0,1,0,0,0
ADJUDICATIVE,0,0,0,1,0,0,0
ADJUDICATOR,0,0,0,1,0,0,0
ADJUDICATORS,0,0,0,1,0,0,0
ADJUDICATORY,0,0,0,1,0,0,0
ADMISSIBILITY,0,0,0,1,0,0,0
ADMISSIBLE,0,0,0,1,0,0,0
ADMISSIBLY,0,0,0,1,0,0,0
ADMISSION,0,0,0,1,0,0,0
ADMISSIONS,0,0,0,1,0,0,0
ADULTERATE,1,0,0,0,0,0,0
ADULTERATED,1,0,0,0,0,0,0
ADULTERATING,1,0,0,0,0,0,0
ADULTERATION,1,0,0,0,0,0,0
ADULTERATIONS,1,0,0,0,0,0,0
ADVANCEMENT,0,1,0,0,0,0,0
ADVANCEMENTS,0,1,0,0,0,0,0
ADVANCES,0,1,0,0,0,0,0
ADVANCING,0,1,0,0,0,0,0
ADVANTAGE,0,1,0,0,0,0,0
ADVANTAGED,0,1,0,0,0,0,0
ADVANTAGEOUS,0,1,0,0,0,0,0
ADVANTAGEOUSLY,0,1,0,0,0,0,0
ADVANTAGES,0,1,0,0,0,0,0
ADVERSARIAL,1,0,0,0,0,0,0
ADVERSARIES,1,0,0,0,0,0,0
ADVERSARY,1,0,0,0,0,0,0
ADVERSE,1,0,0,0,0,0,0
ADVERSELY,1,0,0,0,0,0,0
ADVERSITIES,1,0,0,0,0,0,0
ADVERSITY,1,0,0,0,0,0,0
AFFIDAVIT,0,0,0,1,0,0,0
AFFIDAVITS,0,0,0,1,0,0,0
AFFIRMANCE,0,0,0,1,0,0,0
AFFREIGHTMENT,0,0,0,1,0,0,0
AFOREDESCRIBED,0,0,0,1,0,0,0
AFOREMENTIONED,0,0,0,1,0,0,0
AFORESAID,0,0,0,1,0,0,0
AFORESTATED,0,0,0,1,0,0,0
AFTERMATH,1,0,0,0,0,0,0
AFTERMATHS,1,0,0,0,0,0,0
AGAINST,1,0,0,0,0,0,0
AGGRAVATE,1,0,0,0,0,0,0
AGGRAVATED,1,0,0,0,0,0,0
AGGRAVATES,1,0,0,0,0,0,0
AGGRAVATING,1,0,0,0,0,0,0
AGGRAVATION,1,0,0,0,0,0,0
AGGRAVATIONS,1,0,0,0,0,0,0
AGGRIEVED,0,0,0,1,0,0,0
ALERTED,1,0,0,0,0,0,0
ALERTING,1,0,0,0,0,0,0
ALIENATE,1,0,0,0,0,0,0
ALIENATED,1,0,0,0,0,0,0
ALIENATES,1,0,0,0,0,0,0
ALIENATING,1,0,0,0,0,0,0
ALIENATION,1,0,0,0,0,0,0
ALIENATIONS,1,0,0,0,0,0,0
ALLEGATION,1,0,0,1,0,0,0
ALLEGATIONS,1,0,0,1,0,0,0
ALLEGE,1,0,0,1,0,0,0
ALLEGED,1,0,0,1,0,0,0
ALLEGEDLY,1,0,0,1,0,0,0
ALLEGES,1,0,0,1,0,0,0
ALLEGING,1,0,0,1,0,0,0
ALLIANCE,0,1,0,0,0,0,0
ALLIANCES,0,1,0,0,0,0,0
ALMOST,0,0,1,0,0,1,0
ALTERATION,0,0,1,0,0,0,0
ALTERATIONS,0,0,1,0,0,0,0
ALWAYS,0,0,0,0,1,0,0
AMBIGUITIES,0,0,1,0,0,0,0
AMBIGUITY,0,0,1,0,0,0,0
AMBIGUOUS,0,0,1,0,0,0,0
AMEND,0,0,0,1,0,0,0
AMENDABLE,0,0,0,1,0,0,0
AMENDATORY,0,0,0,1,0,0,0
AMENDED,0,0,0,1,0,0,0
AMENDING,0,0,0,1,0,0,0
AMENDMENT,0,0,0,1,0,0,0
AMENDMENTS,0,0,0,1,0,0,0
AMENDS,0,0,0,1,0,0,0
ANNOY,1,0,0,0,0,0,0
ANNOYANCE,1,0,0,0,0,0,0
ANNOYANCES,1,0,0,0,0,0,0
ANNOYED,1,0,0,0,0,0,0
ANNOYING,1,0,0,0,0,0,0
ANNOYS,1,0,0,0,0,0,0
ANNUL,1,0,0,0,0,0,0
ANNULLED,1,0,0,0,0,0,0
ANNULLING,1,0,0,0,0,0,0
ANNULMENT,1,0,0,0,0,0,0
ANNULMENTS,1,0,0,0,0,0,0
ANNULS,1,0,0,0,0,0,0
ANOMALIES,1,0,1,0,0,0,0
ANOMALOUS,1,0,1,0,0,0,0
ANOMALOUSLY,1,0,1,0,0,0,0
ANOMALY,1,0,1,0,0,0,0
ANTECEDENT,0,0,0,1,0,0,0
ANTECEDENTS,0,0,0,1,0,0,0
ANTICIPATE,0,0,1,0,0,0,0
ANTICIPATED,0,0,1,0,0,0,0
ANTICIPATES,0,0,1,0,0,0,0
ANTICIPATING,0,0,1,0,0,0,0
ANTICIPATION,0,0,1,0,0,0,0
ANTICIPATIONS,0,0,1,0,0,0,0
ANTICOMPETITIVE,1,0,0,0,0,0,0
ANTICORRUPTION,0,0,0,1,0,0,0
ANTITRUST,1,0,0,1,0,0,0
ANYWISE,0,0,0,1,0,0,0
APPARENT,0,0,1,0,0,0,0
APPARENTLY,0,0,1,0,0,1,0
APPEAL,0,0,0,1,0,0,0
APPEALABLE,0,0,0,1,0,0,0
APPEALED,0,0,0,1,0,0,0
APPEALING,0,0,0,1,0,0,0
APPEALS,0,0,0,1,0,0,0
APPEAR,0,0,1,0,0,0,0
APPEARED,0,0,1,0,0,1,0
APPEARING,0,0,1,0,0,1,0
APPEARS,0,0,1,0,0,1,0
APPELLANT,0,0,0,1,0,0,0
APPELLANTS,0,0,0,1,0,0,0
APPELLATE,0,0,0,1,0,0,0
APPELLEES,0,0,0,1,0,0,0
APPOINTOR,0,0,0,1,0,0,0
APPROXIMATE,0,0,1,0,0,0,0
APPROXIMATED,0,0,1,0,0,0,0
APPROXIMATELY,0,0,1,0,0,0,0
APPROXIMATES,0,0,1,0,0,0,0
APPROXIMATING,0,0,1,0,0,0,0
APPROXIMATION,0,0,1,0,0,0,0
APPROXIMATIONS,0,0,1,0,0,0,0
APPURTENANCE,0,0,0,1,0,0,0
APPURTENANCES,0,0,0,1,0,0,0
APPURTENANT,0,0,0,1,0,0,0
ARBITRABILITY,0,0,0,1,0,0,0
ARBITRAL,0,0,0,1,0,0,0
ARBITRARILY,0,0,1,0,0,0,0
ARBITRARINESS,0,0,1,0,0,0,0
ARBITRARY,0,0,1,0,0,0,0
ARBITRATE,0,0,0,1,0,0,0
ARBITRATED,0,0,0,1,0,0,0
ARBITRATES,0,0,0,1,0,0,0
ARBITRATING,0,0,0,1,0,0,0
ARBITRATION,0,0,0,1,0,0,0
ARBITRATIONAL,0,0,0,1,0,0,0
ARBITRATIONS,0,0,0,1,0,0,0
ARBITRATIVE,0,0,0,1,0,0,0
ARBITRATOR,0,0,0,1,0,0,0
ARBITRATORS,0,0,0,1,0,0,0
ARGUE,1,0,0,0,0,0,0
ARGUED,1,0,0,0,0,0,0
ARGUING,1,0,0,0,0,0,0
ARGUMENT,1,0,0,0,0,0,0
ARGUMENTATIVE,1,0,0,0,0,0,0
ARGUMENTS,1,0,0,0,0,0,0
ARREARAGE,1,0,0,1,0,0,0
ARREARAGES,1,0,0,1,0,0,0
ARREARS,1,0,0,0,0,0,0
ARREST,1,0,0,0,0,0,0
ARRESTED,1,0,0,0,0,0,0
ARRESTS,1,0,0,0,0,0,0
ARTIFICIALLY,1,0,0,0,0,0,0
ASCENDANCY,0,0,0,1,0,0,0
ASCENDANT,0,0,0,1,0,0,0
ASCENDANTS,0,0,0,1,0,0,0
ASSAULT,1,0,0,0,0,0,0
ASSAULTED,1,0,0,0,0,0,0
ASSAULTING,1,0,0,0,0,0,0
ASSAULTS,1,0,0,0,0,0,0
ASSERTABLE,0,0,0,1,0,0,0
ASSERTIONS,1,0,0,0,0,0,0
ASSIGNATION,0,0,0,1,0,0,0
ASSIGNATIONS,0,0,0,1,0,0,0
ASSUMABLE,0,0,0,1,0,0,0
ASSUME,0,0,1,0,0,0,0
ASSUMED,0,0,1,0,0,0,0
ASSUMES,0,0,1,0,0,0,0
ASSUMING,0,0,1,0,0,0,0
ASSUMPTION,0,0,1,0,0,0,0
ASSUMPTIONS,0,0,1,0,0,0,0
ASSURE,0,1,0,0,0,0,0
ASSURED,0,1,0,0,0,0,0
ASSURES,0,1,0,0,0,0,0
ASSURING,0,1,0,0,0,0,0
ATTAIN,0,1,0,0,0,0,0
ATTAINED,0,1,0,0,0,0,0
ATTAINING,0,1,0,0,0,0,0
ATTAINMENT,0,1,0,0,0,0,0
ATTAINMENTS,0,1,0,0,0,0,0
ATTAINS,0,1,0,0,0,0,0
ATTEST,0,0,0,1,0,0,0
ATTESTATION,0,0,0,1,0,0,0
ATTESTATIONS,0,0,0,1,0,0,0
ATTESTED,0,0,0,1,0,0,0
ATTESTING,0,0,0,1,0,0,0
ATTORN,0,0,0,1,0,0,0
ATTORNEY,0,0,0,1,0,0,0
ATTORNEYS,0,0,0,1,0,0,0
ATTORNMENT,0,0,0,1,0,0,0
ATTORNS,0,0,0,1,0,0,0
ATTRACTIVE,0,1,0,0,0,0,0
ATTRACTIVENESS,0,1,0,0,0,0,0
ATTRITION,1,0,0,0,0,0,0
AVERSELY,1,0,0,0,0,0,0
BACKDATING,1,0,0,0,0,0,0
BAD,1,0,0,0,0,0,0
BAIL,1,0,0,1,0,0,0
BAILED,0,0,0,1,0,0,0
BAILEE,0,0,0,1,0,0,0
BAILEES,0,0,0,1,0,0,0
BAILIFF,0,0,0,1,0,0,0
BAILIFFS,0,0,0,1,0,0,0
BAILMENT,0,0,0,1,0,0,0
BAILOUT,1,0,0,0,0,0,0
BALK,1,0,0,0,0,0,0
BALKED,1,0,0,0,0,0,0
BANKRUPT,1,0,0,0,0,0,0
BANKRUPTCIES,1,0,0,0,0,0,0
BANKRUPTCY,1,0,0,0,0,0,0
BANKRUPTED,1,0,0,0,0,0,0
BANKRUPTING,1,0,0,0,0,0,0
BANKRUPTS,1,0,0,0,0,0,0
BANS,1,0,0,0,0,0,0
BARRED,1,0,0,0,0,0,0
BARRIER,1,0,0,0,0,0,0
BARRIERS,1,0,0,0,0,0,0
BEAUTIFUL,0,1,0,0,0,0,0
BEAUTIFULLY,0,1,0,0,0,0,0
BELIEVE,0,0,1,0,0,0,0
BELIEVED,0,0,1,0,0,0,0
BELIEVES,0,0,1,0,0,0,0
BELIEVING,0,0,1,0,0,0,0
BENEFICIAL,0,1,0,1,0,0,0
BENEFICIALLY,0,1,0,0,0,0,0
BENEFICIATED,0,0,0,1,0,0,0
BENEFICIATION,0,0,0,1,0,0,0
BENEFIT,0,1,0,0,0,0,0
BENEFITED,0,1,0,0,0,0,0
BENEFITING,0,1,0,0,0,0,0
BENEFITTED,0,1,0,0,0,0,0
BENEFITTING,0,1,0,0,0,0,0
BEST,0,1,0,0,1,0,0
BETTER,0,1,0,0,0,0,0
BOLSTERED,0,1,0,0,0,0,0
BOLSTERING,0,1,0,0,0,0,0
BOLSTERS,0,1,0,0,0,0,0
BONA,0,0,0,1,0,0,0
BONAFIDE,0,0,0,1,0,0,0
BOOM,0,1,0,0,0,0,0
BOOMING,0,1,0,0,0,0,0
BOOST,0,1,0,0,0,0,0
BOOSTED,0,1,0,0,0,0,0
BOTTLENECK,1,0,0,0,0,0,0
BOTTLENECKS,1,0,0,0,0,0,0
BOUND,0,0,0,0,0,0,1
BOUNDED,0,0,0,0,0,0,1
BOYCOTT,1,0,0,0,0,0,0
BOYCOTTED,1,0,0,0,0,0,0
BOYCOTTING,1,0,0,0,0,0,0
BOYCOTTS,1,0,0,0,0,0,0
BREACH,1,0,0,1,0,0,0
BREACHED,1,0,0,1,0,0,0
BREACHES,1,0,0,1,0,0,0
BREACHING,1,0,0,1,0,0,0
BREAK,1,0,0,0,0,0,0
BREAKAGE,1,0,0,0,0,0,0
BREAKAGES,1,0,0,0,0,0,0
BREAKDOWN,1,0,0,0,0,0,0
BREAKDOWNS,1,0,0,0,0,0,0
BREAKING,1,0,0,0,0,0,0
BREAKS,1,0,0,0,0,0,0
BREAKTHROUGH,0,1,0,0,0,0,0
BREAKTHROUGHS,0,1,0,0,0,0,0
BRIBE,1,0,0,0,0,0,0
BRIBED,1,0,0,0,0,0,0
BRIBERIES,1,0,0,0,0,0,0
BRIBERY,1,0,0,0,0,0,0
BRIBES,1,0,0,0,0,0,0
BRIBING,1,0,0,0,0,0,0
BRIDGE,1,0,0,0,0,0,0
BRILLIANT,0,1,0,0,0,0,0
BROKEN,1,0,0,0,0,0,0
BURDEN,1,0,0,0,0,0,0
BURDENED,1,0,0,0,0,0,0
BURDENING,1,0,0,0,0,0,0
BURDENS,1,0,0,0,0,0,0
BURDENSOME,1,0,0,0,0,0,0
BURNED,1,0,0,0,0,0,0
CALAMITIES,1,0,0,0,0,0,0
CALAMITOUS,1,0,0,0,0,0,0
CALAMITY,1,0,0,0,0,0,0
CANCEL,1,0,0,0,0,0,0
CANCELED,1,0,0,0,0,0,0
CANCELING,1,0,0,0,0,0,0
CANCELLATION,1,0,0,0,0,0,0
CANCELLATIONS,1,0,0,0,0,0,0
CANCELLED,1,0,0,0,0,0,0
CANCELLING,1,0,0,0,0,0,0
CANCELS,1,0,0,0,0,0,0
CARELESS,1,0,0,0,0,0,0
CARELESSLY,1,0,0,0,0,0,0
CARELESSNESS,1,0,0,0,0,0,0
CATASTROPHE,1,0,0,0,0,0,0
CATASTROPHES,1,0,0,0,0,0,0
CATASTROPHIC,1,0,0,0,0,0,0
CATASTROPHICALLY,1,0,0,0,0,0,0
CAUTION,1,0,0,0,0,0,0
CAUTIONARY,1,0,0,0,0,0,0
CAUTIONED,1,0,0,0,0,0,0
CAUTIONING,1,0,0,0,0,0,0
CAUTIONS,1,0,0,0,0,0,0
CAUTIOUS,0,0,1,0,0,0,0
CAUTIOUSLY,0,0,1,0,0,0,0
CAUTIOUSNESS,0,0,1,0,0,0,0
CEASE,1,0,0,0,0,0,0
CEASED,1,0,0,0,0,0,0
CEASES,1,0,0,0,0,0,0
CEASING,1,0,0,0,0,0,0
CEDANT,0,0,0,1,0,0,0
CEDANTS,0,0,0,1,0,0,0
CENSURE,1,0,0,0,0,0,0
CENSURED,1,0,0,0,0,0,0
CENSURES,1,0,0,0,0,0,0
CENSURING,1,0,0,0,0,0,0
CERTIORARI,0,0,0,1,0,0,0
CESSION,0,0,0,1,0,0,0
CHALLENGE,1,0,0,0,0,0,0
CHALLENGED,1,0,0,0,0,0,0
CHALLENGES,1,0,0,0,0,0,0
CHALLENGING,1,0,0,0,0,0,0
CHARGEOFFS,1,0,0,0,0,0,0
CHARITABLE,0,1,0,0,0,0,0
CHATTEL,0,0,0,1,0,0,0
CHATTELS,0,0,0,1,0,0,0
CHOATE,0,0,0,1,0,0,0
CIRCUMVENT,1,0,0,0,0,0,0
CIRCUMVENTED,1,0,0,0,0,0,0
CIRCUMVENTING,1,0,0,0,0,0,0
CIRCUMVENTION,1,0,0,0,0,0,0
CIRCUMVENTIONS,1,0,0,0,0,0,0
CIRCUMVENTS,1,0,0,0,0,0,0
CLAIM,0,0,0,1,0,0,0
CLAIMABLE,0,0,0,1,0,0,0
CLAIMANT,0,0,0,1,0,0,0
CLAIMANTS,0,0,0,1,0,0,0
CLAIMHOLDER,0,0,0,1,0,0,0
CLAIMING,1,0,0,0,0,0,0
CLAIMS,1,0,0,1,0,0,0
CLARIFICATION,0,0,1,0,0,0,0
CLARIFICATIONS,0,0,1,0,0,0,0
CLAWBACK,1,0,0,0,0,0,0
CLAWBACKS,0,0,0,1,0,0,0
CLEARLY,0,0,0,0,1,0,0
CLOSED,1,0,0,0,0,0,0
CLOSEOUT,1,0,0,0,0,0,0
CLOSEOUTS,1,0,0,0,0,0,0
CLOSING,1,0,0,0,0,0,0
CLOSINGS,1,0,0,0,0,0,0
CLOSURE,1,0,0,0,0,0,0
CLOSURES,1,0,0,0,0,0,0
CODEFENDANT,0,0,0,1,0,0,0
CODEFENDANTS,0,0,0,1,0,0,0
CODICIL,0,0,0,1,0,0,0
CODICILS,0,0,0,1,0,0,0
CODIFICATION,0,0,0,1,0,0,0
CODIFICATIONS,0,0,0,1,0,0,0
CODIFIED,0,0,0,1,0,0,0
CODIFIES,0,0,0,1,0,0,0
CODIFY,0,0,0,1,0,0,0
CODIFYING,0,0,0,1,0,0,0
COERCE,1,0,0,0,0,0,0
COERCED,1,0,0,0,0,0,0
COERCES,1,0,0,0,0,0,0
COERCING,1,0,0,0,0,0,0
COERCION,1,0,0,0,0,0,0
COERCIVE,1,0,0,0,0,0,0
COLLABORATE,0,1,0,0,0,0,0
COLLABORATED,0,1,0,0,0,0,0
COLLABORATES,0,1,0,0,0,0,0
COLLABORATING,0,1,0,0,0,0,0
COLLABORATION,0,1,0,0,0,0,0
COLLABORATIONS,0,1,0,0,0,0,0
COLLABORATIVE,0,1,0,0,0,0,0
COLLABORATOR,0,1,0,0,0,0,0
COLLABORATORS,0,1,0,0,0,0,0
COLLAPSE,1,0,0,0,0,0,0
COLLAPSED,1,0,0,0,0,0,0
COLLAPSES,1,0,0,0,0,0,0
COLLAPSING,1,0,0,0,0,0,0
COLLISION,1,0,0,0,0,0,0
COLLISIONS,1,0,0,0,0,0,0
COLLUDE,1,0,0,0,0,0,0
COLLUDED,1,0,0,0,0,0,0
COLLUDES,1,0,0,0,0,0,0
COLLUDING,1,0,0,0,0,0,0
COLLUSION,1,0,0,1,0,0,0
COLLUSIONS,1,0,0,0,0,0,0
COLLUSIVE,1,0,0,0,0,0,0
COMMIT,0,0,0,0,0,0,1
COMMITMENT,0,0,0,0,0,0,1
COMMITMENTS,0,0,0,0,0,0,1
COMMITS,0,0,0,0,0,0,1
COMMITTED,0,0,0,0,0,0,1
COMMITTING,0,0,0,0,0,0,1
COMPEL,0,0,0,0,0,0,1
COMPELLED,0,0,0,0,0,0,1
COMPELLING,0,0,0,0,0,0,1
COMPELS,0,0,0,0,0,0,1
COMPENSATORY,0,0,0,1,0,0,0
COMPLAIN,1,0,0,0,0,0,0
COMPLAINANT,0,0,0,1,0,0,0
COMPLAINANTS,0,0,0,1,0,0,0
COMPLAINED,1,0,0,0,0,0,0
COMPLAINING,1,0,0,0,0,0,0
COMPLAINS,1,0,0,0,0,0,0
COMPLAINT,1,0,0,0,0,0,0
COMPLAINTS,1,0,0,0,0,0,0
COMPLICATE,1,0,0,0,0,0,0
COMPLICATED,1,0,0,0,0,0,0
COMPLICATES,1,0,0,0,0,0,0
COMPLICATING,1,0,0,0,0,0,0
COMPLICATION,1,0,0,0,0,0,0
COMPLICATIONS,1,0,0,0,0,0,0
COMPLIMENT,0,1,0,0,0,0,0
COMPLIMENTARY,0,1,0,0,0,0,0
COMPLIMENTED,0,1,0,0,0,0,0
COMPLIMENTING,0,1,0,0,0,0,0
COMPLIMENTS,0,1,0,0,0,0,0
COMPLY,0,0,0,0,0,0,1
COMPULSION,1,0,0,0,0,0,1
COMPULSORY,0,0,0,0,0,0,1
CONCEALED,1,0,0,0,0,0,0
CONCEALING,1,0,0,0,0,0,0
CONCEDE,1,0,0,0,0,0,0
CONCEDED,1,0,0,0,0,0,0
CONCEDES,1,0,0,0,0,0,0
CONCEDING,1,0,0,0,0,0,0
CONCEIVABLE,0,0,1,0,0,1,0
CONCEIVABLY,0,0,1,0,0,0,0
CONCERN,1,0,0,0,0,0,0
CONCERNED,1,0,0,0,0,0,0
CONCERNS,1,0,0,0,0,0,0
CONCILIATING,1,0,0,0,0,0,0
CONCILIATION,1,0,0,0,0,0,0
CONCILIATIONS,1,0,0,0,0,0,0
CONCLUSIVE,0,1,0,0,0,0,0
CONCLUSIVELY,0,1,0,0,0,0,0
CONDEMN,1,0,0,0,0,0,0
CONDEMNATION,1,0,0,0,0,0,0
CONDEMNATIONS,1,0,0,0,0,0,0
CONDEMNED,1,0,0,0,0,0,0
CONDEMNING,1,0,0,0,0,0,0
CONDEMNOR,0,0,0,1,0,0,0
CONDEMNS,1,0,0,0,0,0,0
CONDITIONAL,0,0,1,0,0,0,0
CONDITIONALLY,0,0,1,0,0,0,0
CONDONE,1,0,0,0,0,0,0
CONDONED,1,0,0,0,0,0,0
CONDUCIVE,0,1,0,0,0,0,0
CONFESS,1,0,0,0,0,0,0
CONFESSED,1,0,0,0,0,0,0
CONFESSES,1,0,0,0,0,0,0
CONFESSING,1,0,0,0,0,0,0
CONFESSION,1,0,0,0,0,0,0
CONFIDENT,0,1,0,0,0,0,0
CONFINE,1,0,0,0,0,0,1
CONFINED,1,0,0,0,0,0,1
CONFINEMENT,1,0,0,0,0,0,1
CONFINEMENTS,1,0,0,0,0,0,0
CONFINES,1,0,0,0,0,0,1
CONFINING,1,0,0,0,0,0,1
CONFISCATE,1,0,0,0,0,0,0
CONFISCATED,1,0,0,0,0,0,0
CONFISCATES,1,0,0,0,0,0,0
CONFISCATING,1,0,0,0,0,0,0
CONFISCATION,1,0,0,0,0,0,0
CONFISCATIONS,1,0,0,0,0,0,0
CONFISCATORY,0,0,0,1,0,0,0
CONFLICT,1,0,0,0,0,0,0
CONFLICTED,1,0,0,0,0,0,0
CONFLICTING,1,0,0,0,0,0,0
CONFLICTS,1,0,0,0,0,0,0
CONFRONT,1,0,0,0,0,0,0
CONFRONTATION,1,0,0,0,0,0,0
CONFRONTATIONAL,1,0,0,0,0,0,0
CONFRONTATIONS,1,0,0,0,0,0,0
CONFRONTED,1,0,0,0,0,0,0
CONFRONTING,1,0,0,0,0,0,0
CONFRONTS,1,0,0,0,0,0,0
CONFUSE,1,0,0,0,0,0,0
CONFUSED,1,0,0,0,0,0,0
CONFUSES,1,0,1,0,0,0,0
CONFUSING,1,0,1,0,0,0,0
CONFUSINGLY,1,0,1,0,0,0,0
CONFUSION,1,0,1,0,0,0,0
CONSENT,0,0,0,1,0,0,0
CONSENTED,0,0,0,1,0,0,0
CONSENTING,0,0,0,1,0,0,0
CONSENTS,0,0,0,1,0,0,0
CONSERVATORSHIPS,0,0,0,1,0,0,0
CONSPIRACIES,1,0,0,0,0,0,0
CONSPIRACY,1,0,0,0,0,0,0
CONSPIRATOR,1,0,0,0,0,0,0
CONSPIRATORIAL,1,0,0,0,0,0,0
CONSPIRATORS,1,0,0,0,0,0,0
CONSPIRE,1,0,0,0,0,0,0
CONSPIRED,1,0,0,0,0,0,0
CONSPIRES,1,0,0,0,0,0,0
CONSPIRING,1,0,0,0,0,0,0
CONSTITUTION,0,0,0,1,0,0,0
CONSTITUTIONAL,0,0,0,1,0,0,0
CONSTITUTIONALITY,0,0,0,1,0,0,0
CONSTITUTIONALLY,0,0,0,1,0,0,0
CONSTITUTIONS,0,0,0,1,0,0,0
CONSTITUTIVE,0,0,0,1,0,0,0
CONSTRAIN,0,0,0,0,0,0,1
CONSTRAINED,0,0,0,0,0,0,1
CONSTRAINING,0,0,0,0,0,0,1
CONSTRAINS,0,0,0,0,0,0,1
CONSTRAINT,0,0,0,0,0,0,1
CONSTRAINTS,0,0,0,0,0,0,1
CONSTRUCTIVE,0,1,0,0,0,0,0
CONSTRUCTIVELY,0,1,0,0,0,0,0
CONSTRUE,0,0,0,1,0,0,0
CONSTRUED,0,0,0,1,0,0,0
CONSTRUES,0,0,0,1,0,0,0
CONSTRUING,0,0,0,1,0,0,0
CONTEMPT,1,0,0,0,0,0,0
CONTEND,1,0,0,0,0,0,0
CONTENDED,1,0,0,0,0,0,0
CONTENDING,1,0,0,0,0,0,0
CONTENDS,1,0,0,0,0,0,0
CONTENTION,1,0,0,0,0,0,0
CONTENTIONS,1,0,0,0,0,0,0
CONTENTIOUS,1,0,0,0,0,0,0
CONTENTIOUSLY,1,0,0,0,0,0,0
CONTESTABILITY,0,0,0,1,0,0,0
CONTESTATION,0,0,0,1,0,0,0
CONTESTED,1,0,0,0,0,0,0
CONTESTING,1,0,0,0,0,0,0
CONTINGENCIES,0,0,1,0,0,0,0
CONTINGENCY,0,0,1,0,0,0,0
CONTINGENT,0,0,1,0,0,0,0
CONTINGENTLY,0,0,1,0,0,0,0
CONTINGENTS,0,0,1,0,0,0,0
CONTRACT,0,0,0,1,0,0,0
CONTRACTED,0,0,0,1,0,0,0
CONTRACTHOLDER,0,0,0,1,0,0,0
CONTRACTHOLDERS,0,0,0,1,0,0,0
CONTRACTIBLE,0,0,0,1,0,0,0
CONTRACTILE,0,0,0,1,0,0,0
CONTRACTING,0,0,0,1,0,0,0
CONTRACTION,1,0,0,0,0,0,0
CONTRACTIONS,1,0,0,0,0,0,0
CONTRACTS,0,0,0,1,0,0,0
CONTRACTUAL,0,0,0,1,0,0,0
CONTRACTUALLY,0,0,0,1,0,0,0
CONTRADICT,1,0,0,0,0,0,0
CONTRADICTED,1,0,0,0,0,0,0
CONTRADICTING,1,0,0,0,0,0,0
CONTRADICTION,1,0,0,0,0,0,0
CONTRADICTIONS,1,0,0,0,0,0,0
CONTRADICTORY,1,0,0,0,0,0,0
CONTRADICTS,1,0,0,0,0,0,0
CONTRARY,1,0,0,0,0,0,0
CONTRAVENE,0,0,0,1,0,0,0
CONTRAVENED,0,0,0,1,0,0,0
CONTRAVENES,0,0,0,1,0,0,0
CONTRAVENING,0,0,0,1,0,0,0
CONTRAVENTION,0,0,0,1,0,0,0
CONTRAVENTIONS,0,0,0,1,0,0,0
CONTROVERSIAL,1,0,0,0,0,0,0
CONTROVERSIES,1,0,0,0,0,0,0
CONTROVERSY,1,0,0,0,0,0,0
CONTROVERT,0,0,0,1,0,0,0
CONTROVERTED,0,0,0,1,0,0,0
CONTROVERTING,0,0,0,1,0,0,0
CONVENIENS,0,0,0,1,0,0,0
CONVEYANCE,0,0,0,1,0,0,0
CONVEYANCES,0,0,0,1,0,0,0
CONVICT,1,0,0,1,0,0,0
CONVICTED,1,0,0,1,0,0,0
CONVICTING,1,0,0,1,0,0,0
CONVICTION,1,0,0,1,0,0,0
CONVICTIONS,1,0,0,1,0,0,0
CORRECTED,1,0,0,0,0,0,0
CORRECTING,1,0,0,0,0,0,0
CORRECTION,1,0,0,0,0,0,0
CORRECTIONS,1,0,0,0,0,0,0
CORRECTS,1,0,0,0,0,0,0
CORRUPT,1,0,0,0,0,0,0
CORRUPTED,1,0,0,0,0,0,0
CORRUPTING,1,0,0,0,0,0,0
CORRUPTION,1,0,0,0,0,0,0
CORRUPTIONS,1,0,0,0,0,0,0
CORRUPTLY,1,0,0,0,0,0,0
CORRUPTNESS,1,0,0,0,0,0,0
COSTLY,1,0,0,0,0,0,0
COTERMINOUS,0,0,0,1,0,0,0
COULD,0,0,1,0,0,1,0
COUNSEL,0,0,0,1,0,0,0
COUNSELED,0,0,0,1,0,0,0
COUNSELLED,0,0,0,1,0,0,0
COUNSELS,0,0,0,1,0,0,0
COUNTERCLAIM,1,0,0,0,0,0,0
COUNTERCLAIMED,1,0,0,0,0,0,0
COUNTERCLAIMING,1,0,0,0,0,0,0
COUNTERCLAIMS,1,0,0,0,0,0,0
COUNTERFEIT,1,0,0,0,0,0,0
COUNTERFEITED,1,0,0,0,0,0,0
COUNTERFEITER,1,0,0,0,0,0,0
COUNTERFEITERS,1,0,0,0,0,0,0
COUNTERFEITING,1,0,0,0,0,0,0
COUNTERFEITS,1,0,0,0,0,0,0
COUNTERMEASURE,1,0,0,0,0,0,0
COUNTERMEASURES,1,0,0,0,0,0,0
COUNTERSIGNOR,0,0,0,1,0,0,0
COUNTERSUED,0,0,0,1,0,0,0
COUNTERSUIT,0,0,0,1,0,0,0
COUNTERSUITS,0,0,0,1,0,0,0
COURT,0,0,0,1,0,0,0
COURTEOUS,0,1,0,0,0,0,0
COURTROOM,0,0,0,1,0,0,0
COURTS,0,0,0,1,0,0,0
COVENANT,0,0,0,0,0,0,1
COVENANTED,0,0,0,0,0,0,1
COVENANTING,0,0,0,0,0,0,1
COVENANTS,0,0,0,0,0,0,1
CREATIVE,0,1,0,0,0,0,0
CREATIVELY,0,1,0,0,0,0,0
CREATIVENESS,0,1,0,0,0,0,0
CREATIVITY,0,1,0,0,0,0,0
CRIME,1,0,0,1,0,0,0
CRIMES,1,0,0,1,0,0,0
CRIMINAL,1,0,0,1,0,0,0
CRIMINALITY,0,0,0,1,0,0,0
CRIMINALIZE,0,0,0,1,0,0,0
CRIMINALIZING,0,0,0,1,0,0,0
CRIMINALLY,1,0,0,1,0,0,0
CRIMINALS,1,0,0,1,0,0,0
CRISES,1,0,0,0,0,0,0
CRISIS,1,0,0,0,0,0,0
CRITICAL,1,0,0,0,0,0,0
CRITICALLY,1,0,0,0,0,0,0
CRITICISM,1,0,0,0,0,0,0
CRITICISMS,1,0,0,0,0,0,0
CRITICIZE,1,0,0,0,0,0,0
CRITICIZED,1,0,0,0,0,0,0
CRITICIZES,1,0,0,0,0,0,0
CRITICIZING,1,0,0,0,0,0,0
CROSSCLAIM,0,0,0,1,0,0,0
CROSSCLAIMS,0,0,0,1,0,0,0
CROSSROAD,0,0,1,0,0,0,0
CROSSROADS,0,0,1,0,0,0,0
CRUCIAL,1,0,0,0,0,0,0
CRUCIALLY,1,0,0,0,0,0,0
CULPABILITY,1,0,0,0,0,0,0
CULPABLE,1,0,0,0,0,0,0
CULPABLY,1,0,0,0,0,0,0
CUMBERSOME,1,0,0,0,0,0,0
CURTAIL,1,0,0,0,0,0,0
CURTAILED,1,0,0,0,0,0,0
CURTAILING,1,0,0,0,0,0,0
CURTAILMENT,1,0,0,0,0,0,0
CURTAILMENTS,1,0,0,0,0,0,0
CURTAILS,1,0,0,0,0,0,0
CUT,1,0,0,0,0,0,0
CUTBACK,1,0,0,0,0,0,0
CUTBACKS,1,0,0,0,0,0,0
CYBERATTACK,1,0,0,0,0,0,0
CYBERATTACKS,1,0,0,0,0,0,0
CYBERBULLYING,1,0,0,0,0,0,0
CYBERCRIME,1,0,0,0,0,0,0
CYBERCRIMES,1,0,0,0,0,0,0
CYBERCRIMINAL,1,0,0,0,0,0,0
CYBERCRIMINALS,1,0,0,0,0,0,0
DAMAGE,1,0,0,0,0,0,0
DAMAGED,1,0,0,0,0,0,0
DAMAGES,1,0,0,0,0,0,0
DAMAGING,1,0,0,0,0,0,0
DAMPEN,1,0,0,0,0,0,0
DAMPENED,1,0,0,0,0,0,0
DANGER,1,0,0,0,0,0,0
DANGEROUS,1,0,0,0,0,0,0
DANGEROUSLY,1,0,0,0,0,0,0
DANGERS,1,0,0,0,0,0,0
DEADLOCK,1,0,0,0,0,0,0
DEADLOCKED,1,0,0,0,0,0,0
DEADLOCKING,1,0,0,0,0,0,0
DEADLOCKS,1,0,0,0,0,0,0
DEADWEIGHT,1,0,0,0,0,0,0
DEADWEIGHTS,1,0,0,0,0,0,0
DEBARMENT,1,0,0,0,0,0,0
DEBARMENTS,1,0,0,0,0,0,0
DEBARRED,1,0,0,0,0,0,0
DECEASED,1,0,0,0,0,0,0
DECEDENT,0,0,0,1,0,0,0
DECEDENTS,0,0,0,1,0,0,0
DECEIT,1,0,0,0,0,0,0
DECEITFUL,1,0,0,0,0,0,0
DECEITFULNESS,1,0,0,0,0,0,0
DECEIVE,1,0,0,0,0,0,0
DECEIVED,1,0,0,0,0,0,0
DECEIVES,1,0,0,0,0,0,0
DECEIVING,1,0,0,0,0,0,0
DECEPTION,1,0,0,0,0,0,0
DECEPTIONS,1,0,0,0,0,0,0
DECEPTIVE,1,0,0,0,0,0,0
DECEPTIVELY,1,0,0,0,0,0,0
DECLARANT,0,0,0,1,0,0,0
DECLINE,1,0,0,0,0,0,0
DECLINED,1,0,0,0,0,0,0
DECLINES,1,0,0,0,0,0,0
DECLINING,1,0,0,0,0,0,0
DECREE,0,0,0,1,0,0,0
DECREED,0,0,0,1,0,0,0
DECREEING,0,0,0,1,0,0,0
DECREES,0,0,0,1,0,0,0
DEFACE,1,0,0,0,0,0,0
DEFACED,1,0,0,0,0,0,0
DEFACEMENT,1,0,0,0,0,0,0
DEFALCATION,0,0,0,1,0,0,0
DEFALCATIONS,0,0,0,1,0,0,0
DEFAMATION,1,0,0,0,0,0,0
DEFAMATIONS,1,0,0,0,0,0,0
DEFAMATORY,1,0,0,0,0,0,0
DEFAME,1,0,0,0,0,0,0
DEFAMED,1,0,0,0,0,0,0
DEFAMES,1,0,0,0,0,0,0
DEFAMING,1,0,0,0,0,0,0
DEFAULT,1,0,0,0,0,0,0
DEFAULTED,1,0,0,0,0,0,0
DEFAULTING,1,0,0,0,0,0,0
DEFAULTS,1,0,0,0,0,0,0
DEFEASANCE,0,0,0,1,0,0,0
DEFEASANCES,0,0,0,1,0,0,0
DEFEASE,0,0,0,1,0,0,0
DEFEASED,0,0,0,1,0,0,0
DEFEASEMENT,0,0,0,1,0,0,0
DEFEASES,0,0,0,1,0,0,0
DEFEASING,0,0,0,1,0,0,0
DEFEAT,1,0,0,0,0,0,0
DEFEATED,1,0,0,0,0,0,0
DEFEATING,1,0,0,0,0,0,0
DEFEATS,1,0,0,0,0,0,0
DEFECT,1,0,0,0,0,0,0
DEFECTIVE,1,0,0,0,0,0,0
DEFECTIVELY,0,0,0,1,0,0,0
DEFECTS,1,0,0,0,0,0,0
DEFEND,1,0,0,0,0,0,0
DEFENDABLE,0,0,0,1,0,0,0
DEFENDANT,1,0,0,1,0,0,0
DEFENDANTS,1,0,0,1,0,0,0
DEFENDED,1,0,0,0,0,0,0
DEFENDING,1,0,0,0,0,0,0
DEFENDS,1,0,0,0,0,0,0
DEFENSIVE,1,0,0,0,0,0,0
DEFER,1,0,0,0,0,0,0
DEFERENCE,0,0,0,1,0,0,0
DEFICIENCIES,1,0,0,0,0,0,0
DEFICIENCY,1,0,0,0,0,0,0
DEFICIENT,1,0,0,0,0,0,0
DEFICIT,1,0,0,0,0,0,0
DEFICITS,1,0,0,0,0,0,0
DEFINITELY,0,0,0,0,1,0,0
DEFINITIVELY,0,0,0,0,1,0,0
DEFRAUD,1,0,0,0,0,0,0
DEFRAUDED,1,0,0,0,0,0,0
DEFRAUDING,1,0,0,0,0,0,0
DEFRAUDS,1,0,0,0,0,0,0
DEFUNCT,1,0,0,0,0,0,0
DEGRADATION,1,0,0,0,0,0,0
DEGRADATIONS,1,0,0,0,0,0,0
DEGRADE,1,0,0,0,0,0,0
DEGRADED,1,0,0,0,0,0,0
DEGRADES,1,0,0,0,0,0,0
DEGRADING,1,0,0,0,0,0,0
DELAY,1,0,0,0,0,0,0
DELAYED,1,0,0,0,0,0,0
DELAYING,1,0,0,0,0,0,0
DELAYS,1,0,0,0,0,0,0
DELEGABLE,0,0,0,1,0,0,0
DELEGATABLE,0,0,0,1,0,0,0
DELEGATEE,0,0,0,1,0,0,0
DELEGEES,0,0,0,1,0,0,0
DELETERIOUS,1,0,0,0,0,0,0
DELIBERATE,1,0,0,0,0,0,0
DELIBERATED,1,0,0,0,0,0,0
DELIBERATELY,1,0,0,0,0,0,0
DELIGHT,0,1,0,0,0,0,0
DELIGHTED,0,1,0,0,0,0,0
DELIGHTFUL,0,1,0,0,0,0,0
DELIGHTFULLY,0,1,0,0,0,0,0
DELIGHTING,0,1,0,0,0,0,0
DELIGHTS,0,1,0,0,0,0,0
DELINQUENCIES,1,0,0,0,0,0,0
DELINQUENCY,1,0,0,0,0,0,0
DELINQUENT,1,0,0,0,0,0,0
DELINQUENTLY,1,0,0,0,0,0,0
DELINQUENTS,1,0,0,0,0,0,0
DELIST,1,0,0,0,0,0,0
DELISTED,1,0,0,0,0,0,0
DELISTING,1,0,0,0,0,0,0
DELISTS,1,0,0,0,0,0,0
DEMISE,1,0,0,0,0,0,0
DEMISED,1,0,0,0,0,0,0
DEMISES,1,0,0,0,0,0,0
DEMISING,1,0,0,0,0,0,0
DEMOLISH,1,0,0,0,0,0,0
DEMOLISHED,1,0,0,0,0,0,0
DEMOLISHES,1,0,0,0,0,0,0
DEMOLISHING,1,0,0,0,0,0,0
DEMOLITION,1,0,0,0,0,0,0
DEMOLITIONS,1,0,0,0,0,0,0
DEMOTE,1,0,0,0,0,0,0
DEMOTED,1,0,0,0,0,0,0
DEMOTES,1,0,0,0,0,0,0
DEMOTING,1,0,0,0,0,0,0
DEMOTION,1,0,0,0,0,0,0
DEMOTIONS,1,0,0,0,0,0,0
DEMURRED,0,0,0,1,0,0,0
DEMURRER,0,0,0,1,0,0,0
DEMURRERS,0,0,0,1,0,0,0
DEMURRING,0,0,0,1,0,0,0
DEMURS,0,0,0,1,0,0,0
DENIAL,1,0,0,0,0,0,0
DENIALS,1,0,0,0,0,0,0
DENIED,1,0,0,0,0,0,0
DENIES,1,0,0,0,0,0,0
DENIGRATE,1,0,0,0,0,0,0
DENIGRATED,1,0,0,0,0,0,0
DENIGRATES,1,0,0,0,0,0,0
DENIGRATING,1,0,0,0,0,0,0
DENIGRATION,1,0,0,0,0,0,0
DENY,1,0,0,0,0,0,0
DENYING,1,0,0,0,0,0,0
DEPEND,0,0,1,0,0,1,1
DEPENDABILITY,0,1,0,0,0,0,0
DEPENDABLE,0,1,0,0,0,0,0
DEPENDANCE,0,0,0,0,0,0,1
DEPENDANCES,0,0,0,0,0,0,1
DEPENDANT,0,0,0,0,0,0,1
DEPENDED,0,0,1,0,0,1,0
DEPENDENCE,0,0,1,0,0,0,0
DEPENDENCIES,0,0,1,0,0,0,1
DEPENDENCY,0,0,1,0,0,0,0
DEPENDENT,0,0,1,0,0,0,1
DEPENDING,0,0,1,0,0,1,1
DEPENDS,0,0,1,0,0,1,1
DEPLETE,1,0,0,0,0,0,0
DEPLETED,1,0,0,0,0,0,0
DEPLETES,1,0,0,0,0,0,0
DEPLETING,1,0,0,0,0,0,0
DEPLETION,1,0,0,0,0,0,0
DEPLETIONS,1,0,0,0,0,0,0
DEPOSE,0,0,0,1,0,0,0
DEPOSED,0,0,0,1,0,0,0
DEPOSES,0,0,0,1,0,0,0
DEPOSING,0,0,0,1,0,0,0
DEPOSITION,0,0,0,1,0,0,0
DEPOSITIONAL,0,0,0,1,0,0,0
DEPOSITIONS,0,0,0,1,0,0,0
DEPRECATION,1,0,0,0,0,0,0
DEPRESS,1,0,0,0,0,0,0
DEPRESSED,1,0,0,0,0,0,0
DEPRESSES,1,0,0,0,0,0,0
DEPRESSING,1,0,0,0,0,0,0
DEPRIVATION,1,0,0,0,0,0,0
DEPRIVE,1,0,0,0,0,0,0
DEPRIVED,1,0,0,0,0,0,0
DEPRIVES,1,0,0,0,0,0,0
DEPRIVING,1,0,0,0,0,0,0
DERELICT,1,0,0,0,0,0,0
DERELICTION,1,0,0,0,0,0,0
DEROGATE,0,0,0,1,0,0,0
DEROGATED,0,0,0,1,0,0,0
DEROGATES,0,0,0,1,0,0,0
DEROGATING,0,0,0,1,0,0,0
DEROGATION,0,0,0,1,0,0,0
DEROGATIONS,0,0,0,1,0,0,0
DEROGATORY,1,0,0,0,0,0,0
DESIGNATOR,0,0,0,1,0,0,0
DESIRABLE,0,1,0,0,0,0,0
DESIRED,0,1,0,0,0,0,0
DESIST,0,0,0,1,0,0,0
DESPITE,0,1,0,0,0,0,0
DESTABILIZATION,1,0,0,0,0,0,0
DESTABILIZE,1,0,0,0,0,0,0
DESTABILIZED,1,0,0,0,0,0,0
DESTABILIZING,1,0,1,0,0,0,0
DESTINED,0,1,0,0,0,0,0
DESTROY,1,0,0,0,0,0,0
DESTROYED,1,0,0,0,0,0,0
DESTROYING,1,0,0,0,0,0,0
DESTROYS,1,0,0,0,0,0,0
DESTRUCTION,1,0,0,0,0,0,0
DESTRUCTIVE,1,0,0,0,0,0,0
DETAIN,1,0,0,0,0,0,0
DETAINED,1,0,0,0,0,0,0
DETAINER,0,0,0,1,0,0,0
DETENTION,1,0,0,0,0,0,0
DETENTIONS,1,0,0,0,0,0,0
DETER,1,0,0,0,0,0,0
DETERIORATE,1,0,0,0,0,0,0
DETERIORATED,1,0,0,0,0,0,0
DETERIORATES,1,0,0,0,0,0,0
DETERIORATING,1,0,0,0,0,0,0
DETERIORATION,1,0,0,0,0,0,0
DETERIORATIONS,1,0,0,0,0,0,0
DETERRED,1,0,0,0,0,0,0
DETERRENCE,1,0,0,0,0,0,0
DETERRENCES,1,0,0,0,0,0,0
DETERRENT,1,0,0,0,0,0,0
DETERRENTS,1,0,0,0,0,0,0
DETERRING,1,0,0,0,0,0,0
DETERS,1,0,0,0,0,0,0
DETRACT,1,0,0,0,0,0,0
DETRACTED,1,0,0,0,0,0,0
DETRACTING,1,0,0,0,0,0,0
DETRIMENT,1,0,0,0,0,0,0
DETRIMENTAL,1,0,0,0,0,0,0
DETRIMENTALLY,1,0,0,0,0,0,0
DETRIMENTS,1,0,0,0,0,0,0
DEVALUE,1,0,0,0,0,0,0
DEVALUED,1,0,0,0,0,0,0
DEVALUES,1,0,0,0,0,0,0
DEVALUING,1,0,0,0,0,0,0
DEVASTATE,1,0,0,0,0,0,0
DEVASTATED,1,0,0,0,0,0,0
DEVASTATING,1,0,0,0,0,0,0
DEVASTATION,1,0,0,0,0,0,0
DEVIATE,1,0,1,0,0,0,0
DEVIATED,1,0,1,0,0,0,0
DEVIATES,1,0,1,0,0,0,0
DEVIATING,1,0,1,0,0,0,0
DEVIATION,1,0,1,0,0,0,0
DEVIATIONS,1,0,1,0,0,0,0
DEVISEES,0,0,0,1,0,0,0
DEVOLVE,1,0,0,0,0,0,0
DEVOLVED,1,0,0,0,0,0,0
DEVOLVES,1,0,0,0,0,0,0
DEVOLVING,1,0,0,0,0,0,0
DICTATE,0,0,0,0,0,0,1
DICTATED,0,0,0,0,0,0,1
DICTATES,0,0,0,0,0,0,1
DICTATING,0,0,0,0,0,0,1
DIFFER,0,0,1,0,0,0,0
DIFFERED,0,0,1,0,0,0,0
DIFFERING,0,0,1,0,0,0,0
DIFFERS,0,0,1,0,0,0,0
DIFFICULT,1,0,0,0,0,0,0
DIFFICULTIES,1,0,0,0,0,0,0
DIFFICULTLY,1,0,0,0,0,0,0
DIFFICULTY,1,0,0,0,0,0,0
DILIGENT,0,1,0,0,0,0,0
DILIGENTLY,0,1,0,0,0,0,0
DIMINISH,1,0,0,0,0,0,0
DIMINISHED,1,0,0,0,0,0,0
DIMINISHES,1,0,0,0,0,0,0
DIMINISHING,1,0,0,0,0,0,0
DIMINUTION,1,0,0,0,0,0,0
DIRECTIVE,0,0,0,0,0,0,1
DIRECTIVES,0,0,0,0,0,0,1
DISADVANTAGE,1,0,0,0,0,0,0
DISADVANTAGED,1,0,0,0,0,0,0
DISADVANTAGEOUS,1,0,0,0,0,0,0
DISADVANTAGES,1,0,0,0,0,0,0
DISAFFILIATION,1,0,0,1,0,0,0
DISAFFIRM,0,0,0,1,0,0,0
DISAFFIRMANCE,0,0,0,1,0,0,0
DISAFFIRMED,0,0,0,1,0,0,0
DISAFFIRMS,0,0,0,1,0,0,0
DISAGREE,1,0,0,0,0,0,0
DISAGREEABLE,1,0,0,0,0,0,0
DISAGREED,1,0,0,0,0,0,0
DISAGREEING,1,0,0,0,0,0,0
DISAGREEMENT,1,0,0,0,0,0,0
DISAGREEMENTS,1,0,0,0,0,0,0
DISAGREES,1,0,0,0,0,0,0
DISALLOW,1,0,0,0,0,0,0
DISALLOWANCE,1,0,0,0,0,0,0
DISALLOWANCES,1,0,0,0,0,0,0
DISALLOWED,1,0,0,0,0,0,0
DISALLOWING,1,0,0,0,0,0,0
DISALLOWS,1,0,0,0,0,0,0
DISAPPEAR,1,0,0,0,0,0,0
DISAPPEARANCE,1,0,0,0,0,0,0
DISAPPEARANCES,1,0,0,0,0,0,0
DISAPPEARED,1,0,0,0,0,0,0
DISAPPEARING,1,0,0,0,0,0,0
DISAPPEARS,1,0,0,0,0,0,0
DISAPPOINT,1,0,0,0,0,0,0
DISAPPOINTED,1,0,0,0,0,0,0
DISAPPOINTING,1,0,0,0,0,0,0
DISAPPOINTINGLY,1,0,0,0,0,0,0
DISAPPOINTMENT,1,0,0,0,0,0,0
DISAPPOINTMENTS,1,0,0,0,0,0,0
DISAPPOINTS,1,0,0,0,0,0,0
DISAPPROVAL,1,0,0,0,0,0,0
DISAPPROVALS,1,0,0,0,0,0,0
DISAPPROVE,1,0,0,0,0,0,0
DISAPPROVED,1,0,0,0,0,0,0
DISAPPROVES,1,0,0,0,0,0,0
DISAPPROVING,1,0,0,0,0,0,0
DISASSOCIATES,1,0,0,0,0,0,0
DISASSOCIATING,1,0,0,0,0,0,0
DISASSOCIATION,1,0,0,0,0,0,0
DISASSOCIATIONS,1,0,0,0,0,0,0
DISASTER,1,0,0,0,0,0,0
DISASTERS,1,0,0,0,0,0,0
DISASTROUS,1,0,0,0,0,0,0
DISASTROUSLY,1,0,0,0,0,0,0
DISAVOW,1,0,0,0,0,0,0
DISAVOWAL,1,0,0,0,0,0,0
DISAVOWED,1,0,0,0,0,0,0
DISAVOWING,1,0,0,0,0,0,0
DISAVOWS,1,0,0,0,0,0,0
DISCIPLINARY,1,0,0,0,0,0,0
DISCLAIM,1,0,0,0,0,0,0
DISCLAIMED,1,0,0,0,0,0,0
DISCLAIMER,1,0,0,0,0,0,0
DISCLAIMERS,1,0,0,0,0,0,0
DISCLAIMING,1,0,0,0,0,0,0
DISCLAIMS,1,0,0,0,0,0,0
DISCLOSE,1,0,0,0,0,0,0
DISCLOSED,1,0,0,0,0,0,0
DISCLOSES,1,0,0,0,0,0,0
DISCLOSING,1,0,0,0,0,0,0
DISCONTINUANCE,1,0,0,0,0,0,0
DISCONTINUANCES,1,0,0,0,0,0,0
DISCONTINUATION,1,0,0,0,0,0,0
DISCONTINUATIONS,1,0,0,0,0,0,0
DISCONTINUE,1,0,0,0,0,0,0
DISCONTINUED,1,0,0,0,0,0,0
DISCONTINUES,1,0,0,0,0,0,0
DISCONTINUING,1,0,0,0,0,0,0
DISCOURAGE,1,0,0,0,0,0,0
DISCOURAGED,1,0,0,0,0,0,0
DISCOURAGES,1,0,0,0,0,0,0
DISCOURAGING,1,0,0,0,0,0,0
DISCREDIT,1,0,0,0,0,0,0
DISCREDITED,1,0,0,0,0,0,0
DISCREDITING,1,0,0,0,0,0,0
DISCREDITS,1,0,0,0,0,0,0
DISCREPANCIES,1,0,0,0,0,0,0
DISCREPANCY,1,0,0,0,0,0,0
DISFAVOR,1,0,0,0,0,0,0
DISFAVORED,1,0,0,0,0,0,0
DISFAVORING,1,0,0,0,0,0,0
DISFAVORS,1,0,0,0,0,0,0
DISGORGE,1,0,0,0,0,0,0
DISGORGED,1,0,0,0,0,0,0
DISGORGEMENT,1,0,0,0,0,0,0
DISGORGEMENTS,1,0,0,0,0,0,0
DISGORGES,1,0,0,0,0,0,0
DISGORGING,1,0,0,0,0,0,0
DISGRACE,1,0,0,0,0,0,0
DISGRACEFUL,1,0,0,0,0,0,0
DISGRACEFULLY,1,0,0,0,0,0,0
DISHONEST,1,0,0,0,0,0,0
DISHONESTLY,1,0,0,0,0,0,0
DISHONESTY,1,0,0,0,0,0,0
DISHONOR,1,0,0,0,0,0,0
DISHONORABLE,1,0,0,0,0,0,0
DISHONORABLY,1,0,0,0,0,0,0
DISHONORED,1,0,0,0,0,0,0
DISHONORING,1,0,0,0,0,0,0
DISHONORS,1,0,0,0,0,0,0
DISINCENTIVES,1,0,0,0,0,0,0
DISINTERESTED,1,0,0,0,0,0,0
DISINTERESTEDLY,1,0,0,0,0,0,0
DISINTERESTEDNESS,1,0,0,0,0,0,0
DISLOYAL,1,0,0,0,0,0,0
DISLOYALLY,1,0,0,0,0,0,0
DISLOYALTY,1,0,0,0,0,0,0
DISMAL,1,0,0,0,0,0,0
DISMALLY,1,0,0,0,0,0,0
DISMISS,1,0,0,0,0,0,0
DISMISSAL,1,0,0,0,0,0,0
DISMISSALS,1,0,0,0,0,0,0
DISMISSED,1,0,0,0,0,0,0
DISMISSES,1,0,0,0,0,0,0
DISMISSING,1,0,0,0,0,0,0
DISORDERLY,1,0,0,0,0,0,0
DISPARAGE,1,0,0,0,0,0,0
DISPARAGED,1,0,0,0,0,0,0
DISPARAGEMENT,1,0,0,0,0,0,0
DISPARAGEMENTS,1,0,0,0,0,0,0
DISPARAGES,1,0,0,0,0,0,0
DISPARAGING,1,0,0,0,0,0,0
DISPARAGINGLY,1,0,0,0,0,0,0
DISPARITIES,1,0,0,0,0,0,0
DISPARITY,1,0,0,0,0,0,0
DISPLACE,1,0,0,0,0,0,0
DISPLACED,1,0,0,0,0,0,0
DISPLACEMENT,1,0,0,0,0,0,0
DISPLACEMENTS,1,0,0,0,0,0,0
DISPLACES,1,0,0,0,0,0,0
DISPLACING,1,0,0,0,0,0,0
DISPOSE,1,0,0,0,0,0,0
DISPOSITIVE,0,0,0,1,0,0,0
DISPOSSESS,1,0,0,0,0,0,0
DISPOSSESSED,1,0,0,0,0,0,0
DISPOSSESSES,1,0,0,0,0,0,0
DISPOSSESSING,1,0,0,0,0,0,0
DISPOSSESSION,0,0,0,1,0,0,0
DISPOSSESSORY,0,0,0,1,0,0,0
DISPROPORTION,1,0,0,0,0,0,0
DISPROPORTIONAL,1,0,0,0,0,0,0
DISPROPORTIONATE,1,0,0,0,0,0,0
DISPROPORTIONATELY,1,0,0,0,0,0,0
DISPUTE,1,0,0,0,0,0,0
DISPUTED,1,0,0,0,0,0,0
DISPUTES,1,0,0,0,0,0,0
DISPUTING,1,0,0,0,0,0,0
DISQUALIFICATION,1,0,0,0,0,0,0
DISQUALIFICATIONS,1,0,0,0,0,0,0
DISQUALIFIED,1,0,0,0,0,0,0
DISQUALIFIES,1,0,0,0,0,0,0
DISQUALIFY,1,0,0,0,0,0,0
DISQUALIFYING,1,0,0,0,0,0,0
DISREGARD,1,0,0,0,0,0,0
DISREGARDED,1,0,0,0,0,0,0
DISREGARDING,1,0,0,0,0,0,0
DISREGARDS,1,0,0,0,0,0,0
DISREPUTABLE,1,0,0,0,0,0,0
DISREPUTE,1,0,0,0,0,0,0
DISRUPT,1,0,0,0,0,0,0
DISRUPTED,1,0,0,0,0,0,0
DISRUPTING,1,0,0,0,0,0,0
DISRUPTION,1,0,0,0,0,0,0
DISRUPTIONS,1,0,0,0,0,0,0
DISRUPTIVE,1,0,0,0,0,0,0
DISRUPTS,1,0,0,0,0,0,0
DISSATISFACTION,1,0,0,0,0,0,0
DISSATISFIED,1,0,0,0,0,0,0
DISSENT,1,0,0,0,0,0,0
DISSENTED,1,0,0,0,0,0,0
DISSENTER,1,0,0,0,0,0,0
DISSENTERS,1,0,0,0,0,0,0
DISSENTING,1,0,0,0,0,0,0
DISSENTS,1,0,0,0,0,0,0
DISSIDENT,1,0,0,0,0,0,0
DISSIDENTS,1,0,0,0,0,0,0
DISSOLUTION,1,0,0,0,0,0,0
DISSOLUTIONS,1,0,0,0,0,0,0
DISTINCTION,0,1,0,0,0,0,0
DISTINCTIONS,0,1,0,0,0,0,0
DISTINCTIVE,0,1,0,0,0,0,0
DISTINCTIVELY,0,1,0,0,0,0,0
DISTINCTIVENESS,0,1,0,0,0,0,0
DISTORT,1,0,0,0,0,0,0
DISTORTED,1,0,0,0,0,0,0
DISTORTING,1,0,0,0,0,0,0
DISTORTION,1,0,0,0,0,0,0
DISTORTIONS,1,0,0,0,0,0,0
DISTORTS,1,0,0,0,0,0,0
DISTRACT,1,0,0,0,0,0,0
DISTRACTED,1,0,0,0,0,0,0
DISTRACTING,1,0,0,0,0,0,0
DISTRACTION,1,0,0,0,0,0,0
DISTRACTIONS,1,0,0,0,0,0,0
DISTRACTS,1,0,0,0,0,0,0
DISTRAINT,0,0,0,1,0,0,0
DISTRESS,1,0,0,0,0,0,0
DISTRESSED,1,0,0,0,0,0,0
DISTRIBUTEE,0,0,0,1,0,0,0
DISTRIBUTEES,0,0,0,1,0,0,0
DISTURB,1,0,0,0,0,0,0
DISTURBANCE,1,0,0,0,0,0,0
DISTURBANCES,1,0,0,0,0,0,0
DISTURBED,1,0,0,0,0,0,0
DISTURBING,1,0,0,0,0,0,0
DISTURBS,1,0,0,0,0,0,0
DIVERSION,1,0,0,0,0,0,0
DIVERT,1,0,0,0,0,0,0
DIVERTED,1,0,0,0,0,0,0
DIVERTING,1,0,0,0,0,0,0
DIVERTS,1,0,0,0,0,0,0
DIVEST,1,0,0,0,0,0,0
DIVESTED,1,0,0,0,0,0,0
DIVESTING,1,0,0,0,0,0,0
DIVESTITURE,1,0,0,0,0,0,0
DIVESTITURES,1,0,0,0,0,0,0
DIVESTMENT,1,0,0,0,0,0,0
DIVESTMENTS,1,0,0,0,0,0,0
DIVESTS,1,0,0,0,0,0,0
DIVORCE,1,0,0,0,0,0,0
DIVORCED,1,0,0,0,0,0,0
DIVULGE,1,0,0,0,0,0,0
DIVULGED,1,0,0,0,0,0,0
DIVULGES,1,0,0,0,0,0,0
DIVULGING,1,0,0,0,0,0,0
DOCKET,0,0,0,1,0,0,0
DOCKETED,0,0,0,1,0,0,0
DOCKETING,0,0,0,1,0,0,0
DOCKETS,0,0,0,1,0,0,0
DONEES,0,0,0,1,0,0,0
DOUBT,1,0,1,0,0,0,0
DOUBTED,1,0,1,0,0,0,0
DOUBTFUL,1,0,1,0,0,0,0
DOUBTS,1,0,1,0,0,0,0
DOWNGRADE,1,0,0,0,0,0,0
DOWNGRADED,1,0,0,0,0,0,0
DOWNGRADES,1,0,0,0,0,0,0
DOWNGRADING,1,0,0,0,0,0,0
DOWNSIZE,1,0,0,0,0,0,0
DOWNSIZED,1,0,0,0,0,0,0
DOWNSIZES,1,0,0,0,0,0,0
DOWNSIZING,1,0,0,0,0,0,0
DOWNSIZINGS,1,0,0,0,0,0,0
DOWNTIME,1,0,0,0,0,0,0
DOWNTIMES,1,0,0,0,0,0,0
DOWNTURN,1,0,0,0,0,0,0
DOWNTURNS,1,0,0,0,0,0,0
DOWNWARD,1,0,0,0,0,0,0
DOWNWARDS,1,0,0,0,0,0,0
DRAG,1,0,0,0,0,0,0
DRASTIC,1,0,0,0,0,0,0
DRASTICALLY,1,0,0,0,0,0,0
DRAWBACK,1,0,0,0,0,0,0
DRAWBACKS,1,0,0,0,0,0,0
DREAM,0,1,0,0,0,0,0
DROPPED,1,0,0,0,0,0,0
DROUGHT,1,0,0,0,0,0,0
DROUGHTS,1,0,0,0,0,0,0
DULY,0,0,0,1,0,0,0
DURESS,1,0,0,0,0,0,0
DYSFUNCTION,1,0,0,0,0,0,0
DYSFUNCTIONAL,1,0,0,0,0,0,0
DYSFUNCTIONS,1,0,0,0,0,0,0
EARMARK,0,0,0,0,0,0,1
EARMARKED,0,0,0,0,0,0,1
EARMARKING,0,0,0,0,0,0,1
EARMARKS,0,0,0,0,0,0,1
EASIER,0,1,0,0,0,0,0
EASILY,0,1,0,0,0,0,0
EASING,1,0,0,0,0,0,0
EASY,0,1,0,0,0,0,0
EFFECTIVE,0,1,0,0,0,0,0
EFFICIENCIES,0,1,0,0,0,0,0
EFFICIENCY,0,1,0,0,0,0,0
EFFICIENT,0,1,0,0,0,0,0
EFFICIENTLY,0,1,0,0,0,0,0
EGREGIOUS,1,0,0,0,0,0,0
EGREGIOUSLY,1,0,0,0,0,0,0
EJECTMENT,0,0,0,1,0,0,0
EMBARGO,1,0,0,0,0,0,0
EMBARGOED,1,0,0,0,0,0,0
EMBARGOES,1,0,0,0,0,0,0
EMBARGOING,1,0,0,0,0,0,0
EMBARRASS,1,0,0,0,0,0,0
EMBARRASSED,1,0,0,0,0,0,0
EMBARRASSES,1,0,0,0,0,0,0
EMBARRASSING,1,0,0,0,0,0,0
EMBARRASSMENT,1,0,0,0,0,0,0
EMBARRASSMENTS,1,0,0,0,0,0,0
EMBEZZLE,1,0,0,0,0,0,0
EMBEZZLED,1,0,0,0,0,0,0
EMBEZZLEMENT,1,0,0,0,0,0,0
EMBEZZLEMENTS,1,0,0,0,0,0,0
EMBEZZLER,1,0,0,0,0,0,0
EMBEZZLES,1,0,0,0,0,0,0
EMBEZZLING,1,0,0,0,0,0,0
EMPOWER,0,1,0,0,0,0,0
EMPOWERED,0,1,0,0,0,0,0
EMPOWERING,0,1,0,0,0,0,0
EMPOWERS,0,1,0,0,0,0,0
ENABLE,0,1,0,0,0,0,0
ENABLED,0,1,0,0,0,0,0
ENABLES,0,1,0,0,0,0,0
ENABLING,0,1,0,0,0,0,0
ENCOURAGED,0,1,0,0,0,0,0
ENCOURAGEMENT,0,1,0,0,0,0,0
ENCOURAGES,0,1,0,0,0,0,0
ENCOURAGING,0,1,0,0,0,0,0
ENCROACH,1,0,0,0,0,0,0
ENCROACHED,1,0,0,0,0,0,0
ENCROACHES,1,0,0,0,0,0,0
ENCROACHING,1,0,0,0,0,0,0
ENCROACHMENT,1,0,0,0,0,0,0
ENCROACHMENTS,1,0,0,0,0,0,0
ENCUMBER,1,0,0,1,0,0,1
ENCUMBERED,1,0,0,1,0,0,1
ENCUMBERING,1,0,0,1,0,0,1
ENCUMBERS,1,0,0,1,0,0,1
ENCUMBRANCE,1,0,0,1,0,0,1
ENCUMBRANCER,0,0,0,1,0,0,0
ENCUMBRANCERS,0,0,0,1,0,0,0
ENCUMBRANCES,1,0,0,1,0,0,1
ENDANGER,1,0,0,0,0,0,0
ENDANGERED,1,0,0,0,0,0,0
ENDANGERING,1,0,0,0,0,0,0
ENDANGERMENT,1,0,0,0,0,0,0
ENDANGERS,1,0,0,0,0,0,0
ENDORSEE,0,0,0,1,0,0,0
ENFORCEABILITY,0,0,0,1,0,0,0
ENFORCEABLE,0,0,0,1,0,0,0
ENFORCEABLY,0,0,0,1,0,0,0
ENHANCE,0,1,0,0,0,0,0
ENHANCED,0,1,0,0,0,0,0
ENHANCEMENT,0,1,0,0,0,0,0
ENHANCEMENTS,0,1,0,0,0,0,0
ENHANCES,0,1,0,0,0,0,0
ENHANCING,0,1,0,0,0,0,0
ENJOIN,1,0,0,0,0,0,0
ENJOINED,1,0,0,0,0,0,0
ENJOINING,1,0,0,0,0,0,0
ENJOINS,1,0,0,0,0,0,0
ENJOY,0,1,0,0,0,0,0
ENJOYABLE,0,1,0,0,0,0,0
ENJOYABLY,0,1,0,0,0,0,0
ENJOYED,0,1,0,0,0,0,0
ENJOYING,0,1,0,0,0,0,0
ENJOYMENT,0,1,0,0,0,0,0
ENJOYS,0,1,0,0,0,0,0
ENTAIL,0,0,0,0,0,0,1
ENTAILED,0,0,0,0,0,0,1
ENTAILING,0,0,0,0,0,0,1
ENTAILS,0,0,0,0,0,0,1
ENTHUSIASM,0,1,0,0,0,0,0
ENTHUSIASTIC,0,1,0,0,0,0,0
ENTHUSIASTICALLY,0,1,0,0,0,0,0
ENTRENCH,0,0,0,0,0,0,1
ENTRENCHED,0,0,0,0,0,0,1
ERODE,1,0,0,0,0,0,0
ERODED,1,0,0,0,0,0,0
ERODES,1,0,0,0,0,0,0
ERODING,1,0,0,0,0,0,0
EROSION,1,0,0,0,0,0,0
ERRATIC,1,0,0,0,0,0,0
ERRATICALLY,1,0,0,0,0,0,0
ERRED,1,0,0,0,0,0,0
ERRING,1,0,0,0,0,0,0
ERRONEOUS,1,0,0,0,0,0,0
ERRONEOUSLY,1,0,0,0,0,0,0
ERROR,1,0,0,0,0,0,0
ERRORS,1,0,0,0,0,0,0
ERRS,1,0,0,0,0,0,0
ESCALATE,1,0,0,0,0,0,0
ESCALATED,1,0,0,0,0,0,0
ESCALATES,1,0,0,0,0,0,0
ESCALATING,1,0,0,0,0,0,0
ESCHEAT,0,0,0,1,0,0,0
ESCHEATED,0,0,0,1,0,0,0
ESCHEATMENT,0,0,0,1,0,0,0
ESCROW,0,0,0,0,0,0,1
ESCROWED,0,0,0,0,0,0,1
ESCROWING,0,0,0,1,0,0,0
ESCROWS,0,0,0,0,0,0,1
ESTOPPEL,0,0,0,1,0,0,0
EVADE,1,0,0,0,0,0,0
EVADED,1,0,0,0,0,0,0
EVADES,1,0,0,0,0,0,0
EVADING,1,0,0,0,0,0,0
EVASION,1,0,0,0,0,0,0
EVASIONS,1,0,0,0,0,0,0
EVASIVE,1,0,0,0,0,0,0
EVICT,1,0,0,0,0,0,0
EVICTED,1,0,0,0,0,0,0
EVICTING,1,0,0,0,0,0,0
EVICTION,1,0,0,0,0,0,0
EVICTIONS,1,0,0,0,0,0,0
EVICTS,1,0,0,0,0,0,0
EVIDENTIAL,0,0,0,1,0,0,0
EVIDENTIARY,0,0,0,1,0,0,0
EXACERBATE,1,0,0,0,0,0,0
EXACERBATED,1,0,0,0,0,0,0
EXACERBATES,1,0,0,0,0,0,0
EXACERBATING,1,0,0,0,0,0,0
EXACERBATION,1,0,0,0,0,0,0
EXACERBATIONS,1,0,0,0,0,0,0
EXAGGERATE,1,0,0,0,0,0,0
EXAGGERATED,1,0,0,0,0,0,0
EXAGGERATES,1,0,0,0,0,0,0
EXAGGERATING,1,0,0,0,0,0,0
EXAGGERATION,1,0,0,0,0,0,0
EXCEEDANCE,0,0,0,1,0,0,0
EXCEEDANCES,0,0,0,1,0,0,0
EXCEEDENCES,0,0,0,1,0,0,0
EXCELLENCE,0,1,0,0,0,0,0
EXCELLENT,0,1,0,0,0,0,0
EXCELLING,0,1,0,0,0,0,0
EXCELS,0,1,0,0,0,0,0
EXCEPTIONAL,0,1,0,0,0,0,0
EXCEPTIONALLY,0,1,0,0,0,0,0
EXCESSIVE,1,0,0,0,0,0,0
EXCESSIVELY,1,0,0,0,0,0,0
EXCISED,0,0,0,1,0,0,0
EXCITED,0,1,0,0,0,0,0
EXCITEMENT,0,1,0,0,0,0,0
EXCITING,0,1,0,0,0,0,0
EXCLUSIVE,0,1,0,0,0,0,0
EXCLUSIVELY,0,1,0,0,0,0,0
EXCLUSIVENESS,0,1,0,0,0,0,0
EXCLUSIVES,0,1,0,0,0,0,0
EXCLUSIVITY,0,1,0,0,0,0,0
EXCULPATE,1,0,0,1,0,0,0
EXCULPATED,1,0,0,1,0,0,0
EXCULPATES,1,0,0,1,0,0,0
EXCULPATING,1,0,0,1,0,0,0
EXCULPATION,1,0,0,1,0,0,0
EXCULPATIONS,1,0,0,1,0,0,0
EXCULPATORY,1,0,0,1,0,0,0
EXECUTOR,0,0,0,1,0,0,0
EXECUTORS,0,0,0,1,0,0,0
EXECUTORY,0,0,0,1,0,0,0
EXECUTRICES,0,0,0,1,0,0,0
EXECUTRIX,0,0,0,1,0,0,0
EXECUTRIXES,0,0,0,1,0,0,0
EXEMPLARY,0,1,0,0,0,0,0
EXONERATE,1,0,0,0,0,0,0
EXONERATED,1,0,0,0,0,0,0
EXONERATES,1,0,0,0,0,0,0
EXONERATING,1,0,0,0,0,0,0
EXONERATION,1,0,0,0,0,0,0
EXONERATIONS,1,0,0,0,0,0,0
EXPANSION,0,1,0,0,0,0,0
EXPLOIT,1,0,0,0,0,0,0
EXPLOITATION,1,0,0,0,0,0,0
EXPLOITATIONS,1,0,0,0,0,0,0
EXPLOITATIVE,1,0,0,0,0,0,0
EXPLOITED,1,0,0,0,0,0,0
EXPLOITING,1,0,0,0,0,0,0
EXPLOITS,1,0,0,0,0,0,0
EXPOSE,1,0,0,0,0,0,0
EXPOSED,1,0,0,0,0,0,0
EXPOSES,1,0,0,0,0,0,0
EXPOSING,1,0,0,0,0,0,0
EXPOSURE,0,0,1,0,0,0,0
EXPOSURES,0,0,1,0,0,0,0
EXPROPRIATE,1,0,0,0,0,0,0
EXPROPRIATED,1,0,0,0,0,0,0
EXPROPRIATES,1,0,0,0,0,0,0
EXPROPRIATING,1,0,0,0,0,0,0
EXPROPRIATION,1,0,0,0,0,0,0
EXPROPRIATIONS,1,0,0,0,0,0,0
EXPULSION,1,0,0,0,0,0,0
EXPULSIONS,1,0,0,0,0,0,0
EXTENUATING,1,0,0,0,0,0,0
EXTRACONTRACTUAL,0,0,0,1,0,0,0
EXTRACORPOREAL,0,0,0,1,0,0,0
EXTRAJUDICIAL,0,0,0,1,0,0,0
FACIE,0,0,0,1,0,0,0
FACTO,0,0,0,1,0,0,0
FAIL,1,0,0,0,0,0,0
FAILED,1,0,0,0,0,0,0
FAILING,1,0,0,0,0,0,0
FAILINGS,1,0,0,0,0,0,0
FAILS,1,0,0,0,0,0,0
FAILURE,1,0,0,0,0,0,0
FAILURES,1,0,0,0,0,0,0
FALLOUT,1,0,0,0,0,0,0
FALSELY,1,0,0,0,0,0,0
FALSIFICATION,1,0,0,0,0,0,0
FALSIFICATIONS,1,0,0,0,0,0,0
FALSIFIED,1,0,0,0,0,0,0
FALSIFIES,1,0,0,0,0,0,0
FALSIFY,1,0,0,0,0,0,0
FALSIFYING,1,0,0,0,0,0,0
FALSITY,1,0,0,0,0,0,0
FANTASTIC,0,1,0,0,0,0,0
FATALITIES,1,0,0,0,0,0,0
FATALITY,1,0,0,0,0,0,0
FATALLY,1,0,0,0,0,0,0
FAULT,1,0,0,0,0,0,0
FAULTED,1,0,0,0,0,0,0
FAULTS,1,0,0,0,0,0,0
FAULTY,1,0,0,0,0,0,0
FAVORABLE,0,1,0,0,0,0,0
FAVORABLY,0,1,0,0,0,0,0
FAVORED,0,1,0,0,0,0,0
FAVORING,0,1,0,0,0,0,0
FAVORITE,0,1,0,0,0,0,0
FAVORITES,0,1,0,0,0,0,0
FEAR,1,0,0,0,0,0,0
FEARS,1,0,0,0,0,0,0
FELONIES,1,0,0,1,0,0,0
FELONIOUS,1,0,0,1,0,0,0
FELONY,1,0,0,1,0,0,0
FICTITIOUS,1,0,0,0,0,0,0
FIDE,0,0,0,1,0,0,0
FINED,1,0,0,0,0,0,0
FINES,1,0,0,0,0,0,0
FIRED,1,0,0,0,0,0,0
FIRING,1,0,0,0,0,0,0
FLAW,1,0,0,0,0,0,0
FLAWED,1,0,0,0,0,0,0
FLAWS,1,0,0,0,0,0,0
FLUCTUATE,0,0,1,0,0,0,0
FLUCTUATED,0,0,1,0,0,0,0
FLUCTUATES,0,0,1,0,0,0,0
FLUCTUATING,0,0,1,0,0,0,0
FLUCTUATION,0,0,1,0,0,0,0
FLUCTUATIONS,0,0,1,0,0,0,0
FORBADE,0,0,0,1,0,0,1
FORBEAR,0,0,0,1,0,0,0
FORBEARANCE,0,0,0,1,0,0,0
FORBEARANCES,0,0,0,1,0,0,0
FORBEARING,0,0,0,1,0,0,0
FORBEARS,0,0,0,1,0,0,0
FORBID,1,0,0,0,0,0,1
FORBIDDEN,1,0,0,0,0,0,1
FORBIDDING,1,0,0,0,0,0,1
FORBIDS,1,0,0,0,0,0,1
FORCE,1,0,0,0,0,0,0
FORCED,1,0,0,0,0,0,0
FORCING,1,0,0,0,0,0,0
FOREBEAR,0,0,0,1,0,0,0
FOREBEARANCE,0,0,0,1,0,0,0
FOREBEARS,0,0,0,1,0,0,0
FORECLOSE,1,0,0,0,0,0,0
FORECLOSED,1,0,0,0,0,0,0
FORECLOSES,1,0,0,0,0,0,0
FORECLOSING,1,0,0,0,0,0,0
FORECLOSURE,1,0,0,0,0,0,0
FORECLOSURES,1,0,0,0,0,0,0
FOREGO,1,0,0,0,0,0,0
FOREGOES,1,0,0,0,0,0,0
FOREGONE,1,0,0,0,0,0,0
FORESTALL,1,0,0,0,0,0,0
FORESTALLED,1,0,0,0,0,0,0
FORESTALLING,1,0,0,0,0,0,0
FORESTALLS,1,0,0,0,0,0,0
FORFEIT,1,0,0,0,0,0,0
FORFEITABILITY,0,0,0,1,0,0,0
FORFEITABLE,0,0,0,1,0,0,0
FORFEITED,1,0,0,0,0,0,0
FORFEITING,1,0,0,0,0,0,0
FORFEITS,1,0,0,0,0,0,0
FORFEITURE,1,0,0,0,0,0,0
FORFEITURES,1,0,0,0,0,0,0
FORGERS,1,0,0,0,0,0,0
FORGERY,1,0,0,0,0,0,0
FORTHWITH,0,0,0,1,0,0,0
FORWHICH,0,0,0,1,0,0,0
FRAUD,1,0,0,0,0,0,0
FRAUDS,1,0,0,0,0,0,0
FRAUDULENCE,1,0,0,0,0,0,0
FRAUDULENT,1,0,0,0,0,0,0
FRAUDULENTLY,1,0,0,0,0,0,0
FRIENDLY,0,1,0,0,0,0,0
FRIVOLOUS,1,0,0,0,0,0,0
FRIVOLOUSLY,1,0,0,0,0,0,0
FRUSTRATE,1,0,0,0,0,0,0
FRUSTRATED,1,0,0,0,0,0,0
FRUSTRATES,1,0,0,0,0,0,0
FRUSTRATING,1,0,0,0,0,0,0
FRUSTRATINGLY,1,0,0,0,0,0,0
FRUSTRATION,1,0,0,0,0,0,0
FRUSTRATIONS,1,0,0,0,0,0,0
FUGITIVE,1,0,0,1,0,0,0
FUGITIVES,1,0,0,1,0,0,0
FURTHERANCE,0,0,0,1,0,0,0
GAIN,0,1,0,0,0,0,0
GAINED,0,1,0,0,0,0,0
GAINING,0,1,0,0,0,0,0
GAINS,0,1,0,0,0,0,0
GOOD,0,1,0,0,0,0,0
GRANTOR,0,0,0,1,0,0,0
GRANTORS,0,0,0,1,0,0,0
GRATUITOUS,1,0,0,0,0,0,0
GRATUITOUSLY,1,0,0,0,0,0,0
GREAT,0,1,0,0,0,0,0
GREATER,0,1,0,0,0,0,0
GREATEST,0,1,0,0,0,0,0
GREATLY,0,1,0,0,0,0,0
GREATNESS,0,1,0,0,0,0,0
GRIEVANCE,1,0,0,0,0,0,0
GRIEVANCES,1,0,0,0,0,0,0
GROSSLY,1,0,0,0,0,0,0
GROUNDLESS,1,0,0,0,0,0,0
GROWTH,0,1,0,0,0,0,0
GUILTY,1,0,0,0,0,0,0
HALT,1,0,0,0,0,0,0
HALTED,1,0,0,0,0,0,0
HAMPER,1,0,0,0,0,0,0
HAMPERED,1,0,0,0,0,0,0
HAMPERING,1,0,0,0,0,0,0
HAMPERS,1,0,0,0,0,0,0
HAPPIEST,0,1,0,0,0,0,0
HAPPILY,0,1,0,0,0,0,0
HAPPINESS,0,1,0,0,0,0,0
HAPPY,0,1,0,0,0,0,0
HARASS,1,0,0,0,0,0,0
HARASSED,1,0,0,0,0,0,0
HARASSING,1,0,0,0,0,0,0
HARASSMENT,1,0,0,0,0,0,0
HARDSHIP,1,0,0,0,0,0,0
HARDSHIPS,1,0,0,0,0,0,0
HARM,1,0,0,0,0,0,0
HARMED,1,0,0,0,0,0,0
HARMFUL,1,0,0,0,0,0,0
HARMFULLY,1,0,0,0,0,0,0
HARMING,1,0,0,0,0,0,0
HARMS,1,0,0,0,0,0,0
HARSH,1,0,0,0,0,0,0
HARSHER,1,0,0,0,0,0,0
HARSHEST,1,0,0,0,0,0,0
HARSHLY,1,0,0,0,0,0,0
HARSHNESS,1,0,0,0,0,0,0
HAZARD,1,0,0,0,0,0,0
HAZARDOUS,1,0,0,0,0,0,0
HAZARDS,1,0,0,0,0,0,0
HENCEFORTH,0,0,0,1,0,0,0
HENCEFORWARD,0,0,0,1,0,0,0
HEREAFTER,0,0,0,1,0,0,0
HEREBY,0,0,0,1,0,0,0
HEREDITAMENTS,0,0,0,1,0,0,0
HEREFOR,0,0,0,1,0,0,0
HEREFORE,0,0,0,1,0,0,0
HEREFROM,0,0,0,1,0,0,0
HEREIN,0,0,0,1,0,0,0
HEREINABOVE,0,0,0,1,0,0,0
HEREINAFTER,0,0,0,1,0,0,0
HEREINBEFORE,0,0,0,1,0,0,0
HEREINBELOW,0,0,0,1,0,0,0
HEREOF,0,0,0,1,0,0,0
HEREON,0,0,0,1,0,0,0
HERETO,0,0,0,1,0,0,0
HERETOFORE,0,0,0,1,0,0,0
HEREUNDER,0,0,0,1,0,0,0
HEREUNTO,0,0,0,1,0,0,0
HEREUPON,0,0,0,1,0,0,0
HEREWITH,0,0,0,1,0,0,0
HEREWITHIN,0,0,0,1,0,0,0
HIDDEN,0,0,1,0,0,0,0
HIGHEST,0,1,0,0,1,0,0
HINDER,1,0,0,0,0,0,0
HINDERED,1,0,0,0,0,0,0
HINDERING,1,0,0,0,0,0,0
HINDERS,1,0,0,0,0,0,0
HINDRANCE,1,0,0,0,0,0,0
HINDRANCES,1,0,0,0,0,0,0
HINGES,0,0,1,0,0,0,0
HONOR,0,1,0,0,0,0,0
HONORABLE,0,1,0,0,0,0,0
HONORED,0,1,0,0,0,0,0
HONORING,0,1,0,0,0,0,0
HONORS,0,1,0,0,0,0,0
HOSTILE,1,0,0,0,0,0,0
HOSTILITY,1,0,0,0,0,0,0
HURT,1,0,0,0,0,0,0
HURTING,1,0,0,0,0,0,0
IDEAL,0,1,0,0,0,0,0
IDLE,1,0,0,0,0,0,0
IDLED,1,0,0,0,0,0,0
IDLING,1,0,0,0,0,0,0
IGNORE,1,0,0,0,0,0,0
IGNORED,1,0,0,0,0,0,0
IGNORES,1,0,0,0,0,0,0
IGNORING,1,0,0,0,0,0,0
ILL,1,0,0,0,0,0,0
ILLEGAL,1,0,0,0,0,0,0
ILLEGALITIES,1,0,0,0,0,0,0
ILLEGALITY,1,0,0,0,0,0,0
ILLEGALLY,1,0,0,0,0,0,0
ILLEGIBLE,1,0,0,0,0,0,0
ILLICIT,1,0,0,0,0,0,0
ILLICITLY,1,0,0,0,0,0,0
ILLIQUID,1,0,0,0,0,0,0
ILLIQUIDITY,1,0,0,0,0,0,0
IMBALANCE,1,0,0,0,0,0,0
IMBALANCES,1,0,0,0,0,0,0
IMMATERIALITY,0,0,0,1,0,0,0
IMMATURE,1,0,0,0,0,0,0
IMMORAL,1,0,0,0,0,0,0
IMPAIR,1,0,0,0,0,0,1
IMPAIRED,1,0,0,0,0,0,1
IMPAIRING,1,0,0,0,0,0,1
IMPAIRMENT,1,0,0,0,0,0,1
IMPAIRMENTS,1,0,0,0,0,0,1
IMPAIRS,1,0,0,0,0,0,1
IMPASSE,1,0,0,0,0,0,0
IMPASSES,1,0,0,0,0,0,0
IMPEDE,1,0,0,0,0,0,0
IMPEDED,1,0,0,0,0,0,0
IMPEDES,1,0,0,0,0,0,0
IMPEDIMENT,1,0,0,0,0,0,0
IMPEDIMENTS,1,0,0,0,0,0,0
IMPEDING,1,0,0,0,0,0,0
IMPENDING,1,0,0,0,0,0,0
IMPERATIVE,1,0,0,0,0,0,0
IMPERFECTION,1,0,0,0,0,0,0
IMPERFECTIONS,1,0,0,0,0,0,0
IMPERIL,1,0,0,0,0,0,0
IMPERMISSIBLE,1,0,0,0,0,0,0
IMPLEADED,0,0,0,1,0,0,0
IMPLICATE,1,0,0,0,0,0,0
IMPLICATED,1,0,0,0,0,0,0
IMPLICATES,1,0,0,0,0,0,0
IMPLICATING,1,0,0,0,0,0,0
IMPOSE,0,0,0,0,0,0,1
IMPOSED,0,0,0,0,0,0,1
IMPOSES,0,0,0,0,0,0,1
IMPOSING,0,0,0,0,0,0,1
IMPOSITION,0,0,0,0,0,0,1
IMPOSITIONS,0,0,0,0,0,0,1
IMPOSSIBILITY,1,0,0,0,0,0,0
IMPOSSIBLE,1,0,0,0,0,0,0
IMPOUND,1,0,0,0,0,0,0
IMPOUNDED,1,0,0,0,0,0,0
IMPOUNDING,1,0,0,0,0,0,0
IMPOUNDS,1,0,0,0,0,0,0
IMPRACTICABLE,1,0,0,0,0,0,0
IMPRACTICAL,1,0,0,0,0,0,0
IMPRACTICALITIES,1,0,0,0,0,0,0
IMPRACTICALITY,1,0,0,0,0,0,0
IMPRECISE,0,0,1,0,0,0,0
IMPRECISION,0,0,1,0,0,0,0
IMPRECISIONS,0,0,1,0,0,0,0
IMPRESS,0,1,0,0,0,0,0
IMPRESSED,0,1,0,0,0,0,0
IMPRESSES,0,1,0,0,0,0,0
IMPRESSING,0,1,0,0,0,0,0
IMPRESSIVE,0,1,0,0,0,0,0
IMPRESSIVELY,0,1,0,0,0,0,0
IMPRISONMENT,1,0,0,0,0,0,0
IMPROBABILITY,0,0,1,0,0,0,0
IMPROBABLE,0,0,1,0,0,0,0
IMPROPER,1,0,0,0,0,0,0
IMPROPERLY,1,0,0,0,0,0,0
IMPROPRIETIES,1,0,0,0,0,0,0
IMPROPRIETY,1,0,0,0,0,0,0
IMPROVE,0,1,0,0,0,0,0
IMPROVED,0,1,0,0,0,0,0
IMPROVEMENT,0,1,0,0,0,0,0
IMPROVEMENTS,0,1,0,0,0,0,0
IMPROVES,0,1,0,0,0,0,0
IMPROVING,0,1,0,0,0,0,0
IMPRUDENT,1,0,0,0,0,0,0
IMPRUDENTLY,1,0,0,0,0,0,0
INABILITY,1,0,0,0,0,0,0
INACCESSIBLE,1,0,0,0,0,0,0
INACCURACIES,1,0,0,0,0,0,0
INACCURACY,1,0,0,0,0,0,0
INACCURATE,1,0,0,0,0,0,0
INACCURATELY,1,0,0,0,0,0,0
INACTION,1,0,0,0,0,0,0
INACTIONS,1,0,0,0,0,0,0
INACTIVATE,1,0,0,0,0,0,0
INACTIVATED,1,0,0,0,0,0,0
INACTIVATES,1,0,0,0,0,0,0
INACTIVATING,1,0,0,0,0,0,0
INACTIVATION,1,0,0,0,0,0,0
INACTIVATIONS,1,0,0,0,0,0,0
INACTIVITY,1,0,0,0,0,0,0
INADEQUACIES,1,0,0,0,0,0,0
INADEQUACY,1,0,0,0,0,0,0
INADEQUATE,1,0,0,0,0,0,0
INADEQUATELY,1,0,0,0,0,0,0
INADVERTENT,1,0,0,0,0,0,0
INADVERTENTLY,1,0,0,0,0,0,0
INADVISABILITY,1,0,0,0,0,0,0
INADVISABLE,1,0,0,0,0,0,0
INAPPROPRIATE,1,0,0,0,0,0,0
INAPPROPRIATELY,1,0,0,0,0,0,0
INASMUCH,0,0,0,1,0,0,0
INATTENTION,1,0,0,0,0,0,0
INCAPABLE,1,0,0,0,0,0,0
INCAPACITATED,1,0,0,0,0,0,0
INCAPACITY,1,0,0,1,0,0,0
INCARCERATE,1,0,0,1,0,0,0
INCARCERATED,1,0,0,1,0,0,0
INCARCERATES,1,0,0,1,0,0,0
INCARCERATING,1,0,0,1,0,0,0
INCARCERATION,1,0,0,1,0,0,0
INCARCERATIONS,1,0,0,1,0,0,0
INCHOATE,0,0,0,1,0,0,0
INCIDENCE,1,0,0,0,0,0,0
INCIDENCES,1,0,0,0,0,0,0
INCIDENT,1,0,0,0,0,0,0
INCIDENTS,1,0,0,0,0,0,0
INCOMPATIBILITIES,1,0,0,0,0,0,0
INCOMPATIBILITY,1,0,0,0,0,0,0
INCOMPATIBLE,1,0,0,0,0,0,0
INCOMPETENCE,1,0,0,0,0,0,0
INCOMPETENCY,1,0,0,0,0,0,0
INCOMPETENT,1,0,0,0,0,0,0
INCOMPETENTLY,1,0,0,0,0,0,0
INCOMPETENTS,1,0,0,0,0,0,0
INCOMPLETE,1,0,0,0,0,0,0
INCOMPLETELY,1,0,0,0,0,0,0
INCOMPLETENESS,1,0,1,0,0,0,0
INCONCLUSIVE,1,0,0,0,0,0,0
INCONSISTENCIES,1,0,0,0,0,0,0
INCONSISTENCY,1,0,0,0,0,0,0
INCONSISTENT,1,0,0,0,0,0,0
INCONSISTENTLY,1,0,0,0,0,0,0
INCONTESTABILITY,0,0,0,1,0,0,0
INCONTESTABLE,0,0,0,1,0,0,0
INCONVENIENCE,1,0,0,0,0,0,0
INCONVENIENCES,1,0,0,0,0,0,0
INCONVENIENT,1,0,0,0,0,0,0
INCORRECT,1,0,0,0,0,0,0
INCORRECTLY,1,0,0,0,0,0,0
INCORRECTNESS,1,0,0,0,0,0,0
INCREDIBLE,0,1,0,0,0,0,0
INCREDIBLY,0,1,0,0,0,0,0
INDEBTED,0,0,0,0,0,0,1
INDECENCY,1,0,0,0,0,0,0
INDECENT,1,0,0,0,0,0,0
INDEFEASIBLE,1,0,0,0,0,0,0
INDEFEASIBLY,1,0,0,0,0,0,0
INDEFINITE,0,0,1,0,0,0,0
INDEFINITELY,0,0,1,0,0,0,0
INDEFINITENESS,0,0,1,0,0,0,0
INDEMNIFIABLE,0,0,0,1,0,0,0
INDEMNIFICATION,0,0,0,1,0,0,0
INDEMNIFICATIONS,0,0,0,1,0,0,0
INDEMNIFIED,0,0,0,1,0,0,0
INDEMNIFIES,0,0,0,1,0,0,0
INDEMNIFY,0,0,0,1,0,0,0
INDEMNIFYING,0,0,0,1,0,0,0
INDEMNITEE,0,0,0,1,0,0,0
INDEMNITEES,0,0,0,1,0,0,0
INDEMNITIES,0,0,0,1,0,0,0
INDEMNITOR,0,0,0,1,0,0,0
INDEMNITORS,0,0,0,1,0,0,0
INDEMNITY,0,0,0,1,0,0,0
INDETERMINABLE,0,0,1,0,0,0,0
INDETERMINATE,0,0,1,0,0,0,0
INDICT,1,0,0,1,0,0,0
INDICTABLE,1,0,0,1,0,0,0
INDICTED,1,0,0,1,0,0,0
INDICTING,1,0,0,1,0,0,0
INDICTMENT,1,0,0,1,0,0,0
INDICTMENTS,1,0,0,1,0,0,0
INDORSEES,0,0,0,1,0,0,0
INEFFECTIVE,1,0,0,0,0,0,0
INEFFECTIVELY,1,0,0,0,0,0,0
INEFFECTIVENESS,1,0,0,0,0,0,0
INEFFICIENCIES,1,0,0,0,0,0,0
INEFFICIENCY,1,0,0,0,0,0,0
INEFFICIENT,1,0,0,0,0,0,0
INEFFICIENTLY,1,0,0,0,0,0,0
INELIGIBILITY,1,0,0,0,0,0,0
INELIGIBLE,1,0,0,0,0,0,0
INEQUITABLE,1,0,0,0,0,0,0
INEQUITABLY,1,0,0,0,0,0,0
INEQUITIES,1,0,0,0,0,0,0
INEQUITY,1,0,0,0,0,0,0
INEVITABLE,1,0,0,0,0,0,0
INEXACT,0,0,1,0,0,0,0
INEXACTNESS,0,0,1,0,0,0,0
INEXPERIENCE,1,0,0,0,0,0,0
INEXPERIENCED,1,0,0,0,0,0,0
INFERIOR,1,0,0,0,0,0,0
INFLICTED,1,0,0,0,0,0,0
INFLUENTIAL,0,1,0,0,0,0,0
INFORCE,0,0,0,1,0,0,0
INFORMATIVE,0,1,0,0,0,0,0
INFRACTION,1,0,0,1,0,0,0
INFRACTIONS,1,0,0,1,0,0,0
INFRINGE,1,0,0,0,0,0,0
INFRINGED,1,0,0,0,0,0,0
INFRINGEMENT,1,0,0,0,0,0,0
INFRINGEMENTS,1,0,0,0,0,0,0
INFRINGER,0,0,0,1,0,0,0
INFRINGES,1,0,0,0,0,0,0
INFRINGING,1,0,0,0,0,0,0
INGENUITY,0,1,0,0,0,0,0
INHIBIT,0,0,0,0,0,0,1
INHIBITED,1,0,0,0,0,0,1
INHIBITING,0,0,0,0,0,0,1
INHIBITS,0,0,0,0,0,0,1
INIMICAL,1,0,0,0,0,0,0
INJUNCTION,1,0,0,1,0,0,0
INJUNCTIONS,1,0,0,1,0,0,0
INJUNCTIVE,0,0,0,1,0,0,0
INJURE,1,0,0,0,0,0,0
INJURED,1,0,0,0,0,0,0
INJURES,1,0,0,0,0,0,0
INJURIES,1,0,0,0,0,0,0
INJURING,1,0,0,0,0,0,0
INJURIOUS,1,0,0,0,0,0,0
INJURY,1,0,0,0,0,0,0
INNOVATE,0,1,0,0,0,0,0
INNOVATED,0,1,0,0,0,0,0
INNOVATES,0,1,0,0,0,0,0
INNOVATING,0,1,0,0,0,0,0
INNOVATION,0,1,0,0,0,0,0
INNOVATIONS,0,1,0,0,0,0,0
INNOVATIVE,0,1,0,0,0,0,0
INNOVATIVENESS,0,1,0,0,0,0,0
INNOVATOR,0,1,0,0,0,0,0
INNOVATORS,0,1,0,0,0,0,0
INORDINATE,1,0,0,0,0,0,0
INORDINATELY,1,0,0,0,0,0,0
INQUIRY,1,0,0,0,0,0,0
INSECURE,1,0,0,0,0,0,0
INSENSITIVE,1,0,0,0,0,0,0
INSIGHTFUL,0,1,0,0,0,0,0
INSIST,0,0,0,0,0,0,1
INSISTED,0,0,0,0,0,0,1
INSISTENCE,0,0,0,0,0,0,1
INSISTING,0,0,0,0,0,0,1
INSISTS,0,0,0,0,0,0,1
INSOFAR,0,0,0,1,0,0,0
INSOLVENCIES,1,0,0,0,0,0,0
INSOLVENCY,1,0,0,0,0,0,0
INSOLVENT,1,0,0,0,0,0,0
INSPIRATION,0,1,0,0,0,0,0
INSPIRATIONAL,0,1,0,0,0,0,0
INSTABILITIES,0,0,1,0,0,0,0
INSTABILITY,1,0,1,0,0,0,0
INSUBORDINATION,1,0,0,0,0,0,0
INSUFFICIENCY,1,0,0,0,0,0,0
INSUFFICIENT,1,0,0,0,0,0,0
INSUFFICIENTLY,1,0,0,0,0,0,0
INSURRECTION,1,0,0,0,0,0,0
INSURRECTIONS,1,0,0,0,0,0,0
INTANGIBLE,0,0,1,0,0,0,0
INTANGIBLES,0,0,1,0,0,0,0
INTEGRITY,0,1,0,0,0,0,0
INTENTIONAL,1,0,0,0,0,0,0
INTERFERE,1,0,0,0,0,0,0
INTERFERED,1,0,0,0,0,0,0
INTERFERENCE,1,0,0,0,0,0,0
INTERFERENCES,1,0,0,0,0,0,0
INTERFERES,1,0,0,0,0,0,0
INTERFERING,1,0,0,0,0,0,0
INTERLOCUTORY,0,0,0,1,0,0,0
INTERMITTENT,1,0,0,0,0,0,0
INTERMITTENTLY,1,0,0,0,0,0,0
INTERPLEADER,0,0,0,1,0,0,0
INTERPOSE,0,0,0,1,0,0,0
INTERPOSED,0,0,0,1,0,0,0
INTERPOSES,0,0,0,1,0,0,0
INTERPOSING,0,0,0,1,0,0,0
INTERPOSITION,0,0,0,1,0,0,0
INTERPOSITIONS,0,0,0,1,0,0,0
INTERROGATE,0,0,0,1,0,0,0
INTERROGATED,0,0,0,1,0,0,0
INTERROGATES,0,0,0,1,0,0,0
INTERROGATING,0,0,0,1,0,0,0
INTERROGATION,0,0,0,1,0,0,0
INTERROGATIONS,0,0,0,1,0,0,0
INTERROGATOR,0,0,0,1,0,0,0
INTERROGATORIES,0,0,0,1,0,0,0
INTERROGATORS,0,0,0,1,0,0,0
INTERROGATORY,0,0,0,1,0,0,0
INTERRUPT,1,0,0,0,0,0,0
INTERRUPTED,1,0,0,0,0,0,0
INTERRUPTING,1,0,0,0,0,0,0
INTERRUPTION,1,0,0,0,0,0,0
INTERRUPTIONS,1,0,0,0,0,0,0
INTERRUPTS,1,0,0,0,0,0,0
INTESTACY,0,0,0,1,0,0,0
INTESTATE,0,0,0,1,0,0,0
INTIMIDATION,1,0,0,0,0,0,0
INTRUSION,1,0,0,0,0,0,0
INVALID,1,0,0,0,0,0,0
INVALIDATE,1,0,0,0,0,0,0
INVALIDATED,1,0,0,0,0,0,0
INVALIDATES,1,0,0,0,0,0,0
INVALIDATING,1,0,0,0,0,0,0
INVALIDATION,1,0,0,0,0,0,0
INVALIDITY,1,0,0,0,0,0,0
INVENT,0,1,0,0,0,0,0
INVENTED,0,1,0,0,0,0,0
INVENTING,0,1,0,0,0,0,0
INVENTION,0,1,0,0,0,0,0
INVENTIONS,0,1,0,0,0,0,0
INVENTIVE,0,1,0,0,0,0,0
INVENTIVENESS,0,1,0,0,0,0,0
INVENTOR,0,1,0,0,0,0,0
INVENTORS,0,1,0,0,0,0,0
INVESTIGATE,1,0,0,0,0,0,0
INVESTIGATED,1,0,0,0,0,0,0
INVESTIGATES,1,0,0,0,0,0,0
INVESTIGATING,1,0,0,0,0,0,0
INVESTIGATION,1,0,0,0,0,0,0
INVESTIGATIONS,1,0,0,0,0,0,0
INVOLUNTARILY,1,0,0,0,0,0,0
INVOLUNTARY,1,0,0,0,0,0,0
IRRECONCILABLE,1,0,0,0,0,0,0
IRRECONCILABLY,1,0,0,0,0,0,0
IRRECOVERABLE,1,0,0,0,0,0,0
IRRECOVERABLY,1,0,0,0,0,0,0
IRREGULAR,1,0,0,0,0,0,0
IRREGULARITIES,1,0,0,0,0,0,0
IRREGULARITY,1,0,0,0,0,0,0
IRREGULARLY,1,0,0,0,0,0,0
IRREPARABLE,1,0,0,0,0,0,0
IRREPARABLY,1,0,0,0,0,0,0
IRREVERSIBLE,1,0,0,0,0,0,0
IRREVOCABILITY,0,0,0,1,0,0,0
IRREVOCABLE,0,0,0,1,0,0,1
IRREVOCABLY,0,0,0,1,0,0,1
JEOPARDIZE,1,0,0,0,0,0,0
JEOPARDIZED,1,0,0,0,0,0,0
JOINDER,0,0,0,1,0,0,0
JUDICIAL,0,0,0,1,0,0,0
JUDICIALLY,0,0,0,1,0,0,0
JUDICIARIES,0,0,0,1,0,0,0
JUDICIARY,0,0,0,1,0,0,0
JURIES,0,0,0,1,0,0,0
JURIS,0,0,0,1,0,0,0
JURISDICTION,0,0,0,1,0,0,0
JURISDICTIONAL,0,0,0,1,0,0,0
JURISDICTIONALLY,0,0,0,1,0,0,0
JURISDICTIONS,0,0,0,1,0,0,0
JURISPRUDENCE,0,0,0,1,0,0,0
JURIST,0,0,0,1,0,0,0
JURISTS,0,0,0,1,0,0,0
JUROR,0,0,0,1,0,0,0
JURORS,0,0,0,1,0,0,0
JURY,0,0,0,1,0,0,0
JURYMAN,0,0,0,1,0,0,0
JUSTICE,0,0,0,1,0,0,0
JUSTICES,0,0,0,1,0,0,0
JUSTIFIABLE,1,0,0,0,0,0,0
KICKBACK,1,0,0,0,0,0,0
KICKBACKS,1,0,0,0,0,0,0
KNOWINGLY,1,0,0,0,0,0,0
LACK,1,0,0,0,0,0,0
LACKED,1,0,0,0,0,0,0
LACKING,1,0,0,0,0,0,0
LACKLUSTER,1,0,0,0,0,0,0
LACKS,1,0,0,0,0,0,0
LAG,1,0,0,0,0,0,0
LAGGED,1,0,0,0,0,0,0
LAGGING,1,0,0,0,0,0,0
LAGS,1,0,0,0,0,0,0
LAPSE,1,0,0,0,0,0,0
LAPSED,1,0,0,0,0,0,0
LAPSES,1,0,0,0,0,0,0
LAPSING,1,0,0,0,0,0,0
LATE,1,0,0,0,0,0,0
LAUNDERING,1,0,0,0,0,0,0
LAW,0,0,0,1,0,0,0
LAWFUL,0,0,0,1,0,0,0
LAWFULLY,0,0,0,1,0,0,0
LAWFULNESS,0,0,0,1,0,0,0
LAWMAKERS,0,0,0,1,0,0,0
LAWMAKING,0,0,0,1,0,0,0
LAWS,0,0,0,1,0,0,0
LAWSUIT,0,0,0,1,0,0,0
LAWSUITS,0,0,0,1,0,0,0
LAWYER,0,0,0,1,0,0,0
LAWYERS,0,0,0,1,0,0,0
LAYOFF,1,0,0,0,0,0,0
LAYOFFS,1,0,0,0,0,0,0
LEADERSHIP,0,1,0,0,0,0,0
LEADING,0,1,0,0,0,0,0
LEGAL,0,0,0,1,0,0,0
LEGALESE,0,0,0,1,0,0,0
LEGALITY,0,0,0,1,0,0,0
LEGALIZATION,0,0,0,1,0,0,0
LEGALIZATIONS,0,0,0,1,0,0,0
LEGALIZE,0,0,0,1,0,0,0
LEGALIZED,0,0,0,1,0,0,0
LEGALIZES,0,0,0,1,0,0,0
LEGALIZING,0,0,0,1,0,0,0
LEGALLY,0,0,0,1,0,0,0
LEGALS,0,0,0,1,0,0,0
LEGATEE,0,0,0,1,0,0,0
LEGATEES,0,0,0,1,0,0,0
LEGISLATE,0,0,0,1,0,0,0
LEGISLATED,0,0,0,1,0,0,0
LEGISLATES,0,0,0,1,0,0,0
LEGISLATING,0,0,0,1,0,0,0
LEGISLATION,0,0,0,1,0,0,0
LEGISLATIONS,0,0,0,1,0,0,0
LEGISLATIVE,0,0,0,1,0,0,0
LEGISLATIVELY,0,0,0,1,0,0,0
LEGISLATOR,0,0,0,1,0,0,0
LEGISLATORS,0,0,0,1,0,0,0
LEGISLATURE,0,0,0,1,0,0,0
LEGISLATURES,0,0,0,1,0,0,0
LIBEL,0,0,0,1,0,0,0
LIBELED,0,0,0,1,0,0,0
LIBELOUS,0,0,0,1,0,0,0
LIBELS,0,0,0,1,0,0,0
LICENSABLE,0,0,0,1,0,0,0
LIE,1,0,0,0,0,0,0
LIENHOLDERS,0,0,0,1,0,0,0
LIKELIHOOD,0,0,1,0,0,0,0
LIMIT,0,0,0,0,0,0,1
LIMITATION,1,0,0,0,0,0,0
LIMITATIONS,1,0,0,0,0,0,0
LIMITING,0,0,0,0,0,0,1
LIMITS,0,0,0,0,0,0,1
LINGERING,1,0,0,0,0,0,0
LIQUIDATE,1,0,0,0,0,0,0
LIQUIDATED,1,0,0,0,0,0,0
LIQUIDATES,1,0,0,0,0,0,0
LIQUIDATING,1,0,0,0,0,0,0
LIQUIDATION,1,0,0,0,0,0,0
LIQUIDATIONS,1,0,0,0,0,0,0
LIQUIDATOR,1,0,0,0,0,0,0
LIQUIDATORS,1,0,0,0,0,0,0
LITIGANT,1,0,0,1,0,0,0
LITIGANTS,1,0,0,1,0,0,0
LITIGATE,1,0,0,1,0,0,0
LITIGATED,1,0,0,1,0,0,0
LITIGATES,1,0,0,1,0,0,0
LITIGATING,1,0,0,1,0,0,0
LITIGATION,1,0,0,1,0,0,0
LITIGATIONS,1,0,0,1,0,0,0
LITIGATOR,0,0,0,1,0,0,0
LITIGATORS,0,0,0,1,0,0,0
LITIGIOUS,0,0,0,1,0,0,0
LITIGIOUSNESS,0,0,0,1,0,0,0
LOCKOUT,1,0,0,0,0,0,0
LOCKOUTS,1,0,0,0,0,0,0
LOOSE,0,1,0,0,0,0,0
LOOSENING,0,1,0,0,0,0,0
LOSE,1,0,0,0,0,0,0
LOSES,1,0,0,0,0,0,0
LOSING,1,0,0,0,0,0,0
LOSS,1,0,0,0,0,0,0
LOSSES,1,0,0,0,0,0,0
LOST,1,0,0,0,0,0,0
LOWEST,0,0,0,0,1,0,0
LOYAL,0,1,0,0,0,0,0
LUCRATIVE,0,1,0,0,0,0,0
LYING,1,0,0,0,0,0,0
MAJEURE,0,0,0,1,0,0,0
MALFEASANCE,1,0,0,0,0,0,0
MALFUNCTION,1,0,0,0,0,0,0
MALFUNCTIONED,1,0,0,0,0,0,0
MALFUNCTIONING,1,0,0,0,0,0,0
MALFUNCTIONS,1,0,0,0,0,0,0
MALICE,1,0,0,0,0,0,0
MALICIOUS,1,0,0,0,0,0,0
MALICIOUSLY,1,0,0,0,0,0,0
MALPRACTICE,1,0,0,0,0,0,0
MANDAMUS,0,0,0,1,0,0,0
MANDATE,0,0,0,0,0,0,1
MANDATED,0,0,0,0,0,0,1
MANDATES,0,0,0,0,0,0,1
MANDATING,0,0,0,0,0,0,1
MANDATORY,0,0,0,0,0,0,1
MANDITORILY,0,0,0,0,0,0,1
MANIPULATE,1,0,0,0,0,0,0
MANIPULATED,1,0,0,0,0,0,0
MANIPULATES,1,0,0,0,0,0,0
MANIPULATING,1,0,0,0,0,0,0
MANIPULATION,1,0,0,0,0,0,0
MANIPULATIONS,1,0,0,0,0,0,0
MANIPULATIVE,1,0,0,0,0,0,0
MARKDOWN,1,0,0,0,0,0,0
MARKDOWNS,1,0,0,0,0,0,0
MAY,0,0,1,0,0,1,0
MAYBE,0,0,1,0,0,1,0
MEDIATE,0,0,0,1,0,0,0
MEDIATED,0,0,0,1,0,0,0
MEDIATES,0,0,0,1,0,0,0
MEDIATING,0,0,0,1,0,0,0
MEDIATION,0,0,0,1,0,0,0
MEDIATIONS,0,0,0,1,0,0,0
MEDIATOR,0,0,0,1,0,0,0
MEDIATORS,0,0,0,1,0,0,0
MERITORIOUS,0,1,0,0,0,0,0
MIGHT,0,0,1,0,0,1,0
MISAPPLICATION,1,0,0,0,0,0,0
MISAPPLICATIONS,1,0,0,0,0,0,0
MISAPPLIED,1,0,0,0,0,0,0
MISAPPLIES,1,0,0,0,0,0,0
MISAPPLY,1,0,0,0,0,0,0
MISAPPLYING,1,0,0,0,0,0,0
MISAPPROPRIATE,1,0,0,0,0,0,0
MISAPPROPRIATED,1,0,0,0,0,0,0
MISAPPROPRIATES,1,0,0,0,0,0,0
MISAPPROPRIATING,1,0,0,0,0,0,0
MISAPPROPRIATION,1,0,0,0,0,0,0
MISAPPROPRIATIONS,1,0,0,0,0,0,0
MISBRANDED,1,0,0,0,0,0,0
MISCALCULATE,1,0,0,0,0,0,0
MISCALCULATED,1,0,0,0,0,0,0
MISCALCULATES,1,0,0,0,0,0,0
MISCALCULATING,1,0,0,0,0,0,0
MISCALCULATION,1,0,0,0,0,0,0
MISCALCULATIONS,1,0,0,0,0,0,0
MISCHARACTERIZATION,1,0,0,0,0,0,0
MISCHIEF,1,0,0,0,0,0,0
MISCLASSIFICATION,1,0,0,0,0,0,0
MISCLASSIFICATIONS,1,0,0,0,0,0,0
MISCLASSIFIED,1,0,0,0,0,0,0
MISCLASSIFY,1,0,0,0,0,0,0
MISCOMMUNICATION,1,0,0,0,0,0,0
MISCONDUCT,1,0,0,0,0,0,0
MISDATED,1,0,0,0,0,0,0
MISDEMEANOR,1,0,0,1,0,0,0
MISDEMEANORS,1,0,0,0,0,0,0
MISDIRECTED,1,0,0,0,0,0,0
MISFEASANCE,0,0,0,1,0,0,0
MISHANDLE,1,0,0,0,0,0,0
MISHANDLED,1,0,0,0,0,0,0
MISHANDLES,1,0,0,0,0,0,0
MISHANDLING,1,0,0,0,0,0,0
MISINFORM,1,0,0,0,0,0,0
MISINFORMATION,1,0,0,0,0,0,0
MISINFORMED,1,0,0,0,0,0,0
MISINFORMING,1,0,0,0,0,0,0
MISINFORMS,1,0,0,0,0,0,0
MISINTERPRET,1,0,0,0,0,0,0
MISINTERPRETATION,1,0,0,0,0,0,0
MISINTERPRETATIONS,1,0,0,0,0,0,0
MISINTERPRETED,1,0,0,0,0,0,0
MISINTERPRETING,1,0,0,0,0,0,0
MISINTERPRETS,1,0,0,0,0,0,0
MISJUDGE,1,0,0,0,0,0,0
MISJUDGED,1,0,0,0,0,0,0
MISJUDGES,1,0,0,0,0,0,0
MISJUDGING,1,0,0,0,0,0,0
MISJUDGMENT,1,0,0,0,0,0,0
MISJUDGMENTS,1,0,0,0,0,0,0
MISLABEL,1,0,0,0,0,0,0
MISLABELED,1,0,0,0,0,0,0
MISLABELING,1,0,0,0,0,0,0
MISLABELLED,1,0,0,0,0,0,0
MISLABELS,1,0,0,0,0,0,0
MISLEAD,1,0,0,0,0,0,0
MISLEADING,1,0,0,0,0,0,0
MISLEADINGLY,1,0,0,0,0,0,0
MISLEADS,1,0,0,0,0,0,0
MISLED,1,0,0,0,0,0,0
MISMANAGE,1,0,0,0,0,0,0
MISMANAGED,1,0,0,0,0,0,0
MISMANAGEMENT,1,0,0,0,0,0,0
MISMANAGES,1,0,0,0,0,0,0
MISMANAGING,1,0,0,0,0,0,0
MISMATCH,1,0,0,0,0,0,0
MISMATCHED,1,0,0,0,0,0,0
MISMATCHES,1,0,0,0,0,0,0
MISMATCHING,1,0,0,0,0,0,0
MISPLACED,1,0,0,0,0,0,0
MISPRICE,1,0,0,0,0,0,0
MISPRICING,1,0,0,0,0,0,0
MISPRICINGS,1,0,0,0,0,0,0
MISREPRESENT,1,0,0,0,0,0,0
MISREPRESENTATION,1,0,0,0,0,0,0
MISREPRESENTATIONS,1,0,0,0,0,0,0
MISREPRESENTED,1,0,0,0,0,0,0
MISREPRESENTING,1,0,0,0,0,0,0
MISREPRESENTS,1,0,0,0,0,0,0
MISS,1,0,0,0,0,0,0
MISSED,1,0,0,0,0,0,0
MISSES,1,0,0,0,0,0,0
MISSTATE,1,0,0,0,0,0,0
MISSTATED,1,0,0,0,0,0,0
MISSTATEMENT,1,0,0,0,0,0,0
MISSTATEMENTS,1,0,0,0,0,0,0
MISSTATES,1,0,0,0,0,0,0
MISSTATING,1,0,0,0,0,0,0
MISSTEP,1,0,0,0,0,0,0
MISSTEPS,1,0,0,0,0,0,0
MISTAKE,1,0,0,0,0,0,0
MISTAKEN,1,0,0,0,0,0,0
MISTAKENLY,1,0,0,0,0,0,0
MISTAKES,1,0,0,0,0,0,0
MISTAKING,1,0,0,0,0,0,0
MISTRIAL,1,0,0,1,0,0,0
MISTRIALS,1,0,0,1,0,0,0
MISUNDERSTAND,1,0,0,0,0,0,0
MISUNDERSTANDING,1,0,0,0,0,0,0
MISUNDERSTANDINGS,1,0,0,0,0,0,0
MISUNDERSTOOD,1,0,0,0,0,0,0
MISUSE,1,0,0,0,0,0,0
MISUSED,1,0,0,0,0,0,0
MISUSES,1,0,0,0,0,0,0
MISUSING,1,0,0,0,0,0,0
MONOPOLISTIC,1,0,0,0,0,0,0
MONOPOLISTS,1,0,0,0,0,0,0
MONOPOLIZATION,1,0,0,0,0,0,0
MONOPOLIZE,1,0,0,0,0,0,0
MONOPOLIZED,1,0,0,0,0,0,0
MONOPOLIZES,1,0,0,0,0,0,0
MONOPOLIZING,1,0,0,0,0,0,0
MONOPOLY,1,0,0,0,0,0,0
MORATORIA,1,0,0,0,0,0,0
MORATORIUM,1,0,0,0,0,0,0
MORATORIUMS,1,0,0,0,0,0,0
MOREOVER,0,0,0,1,0,0,0
MOTHBALLED,1,0,0,0,0,0,0
MOTHBALLING,1,0,0,0,0,0,0
MOTIONS,0,0,0,1,0,0,0
MUST,0,0,0,0,1,0,0
MUTANDIS,0,0,0,1,0,0,0
NEARLY,0,0,1,0,0,1,0
NECESSITATE,0,0,0,0,0,0,1
NECESSITATED,0,0,0,0,0,0,1
NECESSITATES,0,0,0,0,0,0,1
NECESSITATING,0,0,0,0,0,0,1
NEGATIVE,1,0,0,0,0,0,0
NEGATIVELY,1,0,0,0,0,0,0
NEGATIVES,1,0,0,0,0,0,0
NEGLECT,1,0,0,0,0,0,0
NEGLECTED,1,0,0,0,0,0,0
NEGLECTFUL,1,0,0,0,0,0,0
NEGLECTING,1,0,0,0,0,0,0
NEGLECTS,1,0,0,0,0,0,0
NEGLIGENCE,1,0,0,0,0,0,0
NEGLIGENCES,1,0,0,0,0,0,0
NEGLIGENT,1,0,0,0,0,0,0
NEGLIGENTLY,1,0,0,0,0,0,0
NEVER,0,0,0,0,1,0,0
NOLO,0,0,0,1,0,0,0
NONAPPEALABLE,0,0,0,1,0,0,0
NONASSESSABLE,0,0,1,0,0,0,0
NONATTAINMENT,1,0,0,0,0,0,0
NONBREACHING,0,0,0,1,0,0,0
NONCANCELABLE,0,0,0,0,0,0,1
NONCANCELLABLE,0,0,0,0,0,0,1
NONCOMPETITIVE,1,0,0,0,0,0,0
NONCOMPLIANCE,1,0,0,0,0,0,0
NONCOMPLIANCES,1,0,0,0,0,0,0
NONCOMPLIANT,1,0,0,0,0,0,0
NONCOMPLYING,1,0,0,0,0,0,0
NONCONFORMING,1,0,0,0,0,0,0
NONCONFORMITIES,1,0,0,0,0,0,0
NONCONFORMITY,1,0,0,0,0,0,0
NONCONTINGENT,0,0,0,1,0,0,0
NONCONTRACT,0,0,0,1,0,0,0
NONCONTRACTUAL,0,0,0,1,0,0,0
NONCONTRIBUTORY,0,0,0,1,0,0,0
NONDISCLOSURE,1,0,0,0,0,0,0
NONFEASANCE,0,0,0,1,0,0,0
NONFIDUCIARY,0,0,0,1,0,0,0
NONFORFEITABILITY,0,0,0,1,0,0,0
NONFORFEITABLE,0,0,0,1,0,0,0
NONFORFEITURE,0,0,0,1,0,0,0
NONFUNCTIONAL,1,0,0,0,0,0,0
NONGUARANTOR,0,0,0,1,0,0,0
NONINFRINGEMENT,0,0,0,1,0,0,0
NONINFRINGING,0,0,0,1,0,0,0
NONJUDICIAL,0,0,0,1,0,0,0
NONJUDICIALLY,0,0,0,1,0,0,0
NONJURISDICTIONAL,0,0,0,1,0,0,0
NONPAYMENT,1,0,0,0,0,0,0
NONPAYMENTS,1,0,0,0,0,0,0
NONPERFORMANCE,1,0,0,0,0,0,0
NONPERFORMANCES,1,0,0,0,0,0,0
NONPERFORMING,1,0,0,0,0,0,0
NONPRODUCING,1,0,0,0,0,0,0
NONPRODUCTIVE,1,0,0,0,0,0,0
NONRECOVERABLE,1,0,0,0,0,0,0
NONRENEWAL,1,0,0,0,0,0,0
NONSEVERABLE,0,0,0,1,0,0,0
NONTERMINABLE,0,0,0,1,0,0,0
NONUSURIOUS,0,0,0,1,0,0,0
NOTARIAL,0,0,0,1,0,0,0
NOTARIES,0,0,0,1,0,0,0
NOTARIZATION,0,0,0,1,0,0,0
NOTARIZATIONS,0,0,0,1,0,0,0
NOTARIZE,0,0,0,1,0,0,0
NOTARIZED,0,0,0,1,0,0,0
NOTARIZING,0,0,0,1,0,0,0
NOTARY,0,0,0,1,0,0,0
NOTWITHSTANDING,0,0,0,1,0,0,0
NOVO,0,0,0,1,0,0,0
NUISANCE,1,0,0,0,0,0,0
NUISANCES,1,0,0,0,0,0,0
NULLIFICATION,1,0,0,1,0,0,0
NULLIFICATIONS,1,0,0,1,0,0,0
NULLIFIED,1,0,0,1,0,0,0
NULLIFIES,1,0,0,1,0,0,0
NULLIFY,1,0,0,1,0,0,0
NULLIFYING,1,0,0,1,0,0,0
NULLITIES,0,0,0,1,0,0,0
NULLITY,0,0,0,1,0,0,0
OBJECTED,1,0,0,0,0,0,0
OBJECTING,1,0,0,0,0,0,0
OBJECTION,1,0,0,0,0,0,0
OBJECTIONABLE,1,0,0,0,0,0,0
OBJECTIONABLY,1,0,0,0,0,0,0
OBJECTIONS,1,0,0,0,0,0,0
OBLIGATE,0,0,0,0,0,0,1
OBLIGATED,0,0,0,0,0,0,1
OBLIGATES,0,0,0,0,0,0,1
OBLIGATING,0,0,0,0,0,0,1
OBLIGATION,0,0,0,0,0,0,1
OBLIGATIONS,0,0,0,0,0,0,1
OBLIGATORY,0,0,0,0,0,0,1
OBLIGE,0,0,0,0,0,0,1
OBLIGED,0,0,0,0,0,0,1
OBLIGEE,0,0,0,1,0,0,0
OBLIGEES,0,0,0,1,0,0,0
OBLIGES,0,0,0,0,0,0,1
OBLIGOR,0,0,0,1,0,0,0
OBLIGORS,0,0,0,1,0,0,0
OBSCENE,1,0,0,0,0,0,0
OBSCENITY,1,0,0,0,0,0,0
OBSOLESCENCE,1,0,0,0,0,0,0
OBSOLETE,1,0,0,0,0,0,0
OBSTACLE,1,0,0,0,0,0,0
OBSTACLES,1,0,0,0,0,0,0
OBSTRUCT,1,0,0,0,0,0,0
OBSTRUCTED,1,0,0,0,0,0,0
OBSTRUCTING,1,0,0,0,0,0,0
OBSTRUCTION,1,0,0,0,0,0,0
OBSTRUCTIONS,1,0,0,0,0,0,0
OCCASIONALLY,0,0,1,0,0,1,0
OFFENCE,1,0,0,0,0,0,0
OFFENCES,1,0,0,0,0,0,0
OFFEND,1,0,0,0,0,0,0
OFFENDED,1,0,0,0,0,0,0
OFFENDER,1,0,0,0,0,0,0
OFFENDERS,1,0,0,0,0,0,0
OFFENDING,1,0,0,0,0,0,0
OFFENDS,1,0,0,0,0,0,0
OFFENSE,0,0,0,1,0,0,0
OFFEREE,0,0,0,1,0,0,0
OFFEREES,0,0,0,1,0,0,0
OFFEROR,0,0,0,1,0,0,0
OFFERORS,0,0,0,1,0,0,0
OMISSION,1,0,0,0,0,0,0
OMISSIONS,1,0,0,0,0,0,0
OMIT,1,0,0,0,0,0,0
OMITS,1,0,0,0,0,0,0
OMITTED,1,0,0,0,0,0,0
OMITTING,1,0,0,0,0,0,0
ONEROUS,1,0,0,0,0,0,0
OPPORTUNISTIC,1,0,0,0,0,0,0
OPPORTUNISTICALLY,1,0,0,0,0,0,0
OPPORTUNITIES,0,1,0,0,0,0,0
OPPORTUNITY,0,1,0,0,0,0,0
OPPOSE,1,0,0,0,0,0,0
OPPOSED,1,0,0,0,0,0,0
OPPOSES,1,0,0,0,0,0,0
OPPOSING,1,0,0,0,0,0,0
OPPOSITION,1,0,0,0,0,0,0
OPPOSITIONS,1,0,0,0,0,0,0
OPTIMISTIC,0,1,0,0,0,0,0
OPTIONEE,0,0,0,1,0,0,0
OPTIONEES,0,0,0,1,0,0,0
ORDINARILY,0,0,1,0,0,0,0
OUTAGE,1,0,0,0,0,0,0
OUTAGES,1,0,0,0,0,0,0
OUTDATED,1,0,0,0,0,0,0
OUTMODED,1,0,0,0,0,0,0
OUTPERFORM,0,1,0,0,0,0,0
OUTPERFORMED,0,1,0,0,0,0,0
OUTPERFORMING,0,1,0,0,0,0,0
OUTPERFORMS,0,1,0,0,0,0,0
OVERAGE,1,0,0,0,0,0,0
OVERAGES,1,0,0,0,0,0,0
OVERBUILD,1,0,0,0,0,0,0
OVERBUILDING,1,0,0,0,0,0,0
OVERBUILDS,1,0,0,0,0,0,0
OVERBUILT,1,0,0,0,0,0,0
OVERBURDEN,1,0,0,0,0,0,0
OVERBURDENED,1,0,0,0,0,0,0
OVERBURDENING,1,0,0,0,0,0,0
OVERCAPACITIES,1,0,0,0,0,0,0
OVERCAPACITY,1,0,0,0,0,0,0
OVERCHARGE,1,0,0,0,0,0,0
OVERCHARGED,1,0,0,0,0,0,0
OVERCHARGES,1,0,0,0,0,0,0
OVERCHARGING,1,0,0,0,0,0,0
OVERCOME,1,0,0,0,0,0,0
OVERCOMES,1,0,0,0,0,0,0
OVERCOMING,1,0,0,0,0,0,0
OVERDUE,1,0,0,0,0,0,0
OVERESTIMATE,1,0,0,0,0,0,0
OVERESTIMATED,1,0,0,0,0,0,0
OVERESTIMATES,1,0,0,0,0,0,0
OVERESTIMATING,1,0,0,0,0,0,0
OVERESTIMATION,1,0,0,0,0,0,0
OVERESTIMATIONS,1,0,0,0,0,0,0
OVERLOAD,1,0,0,0,0,0,0
OVERLOADED,1,0,0,0,0,0,0
OVERLOADING,1,0,0,0,0,0,0
OVERLOADS,1,0,0,0,0,0,0
OVERLOOK,1,0,0,0,0,0,0
OVERLOOKED,1,0,0,0,0,0,0
OVERLOOKING,1,0,0,0,0,0,0
OVERLOOKS,1,0,0,0,0,0,0
OVERPAID,1,0,0,0,0,0,0
OVERPAYMENT,1,0,0,0,0,0,0
OVERPAYMENTS,1,0,0,0,0,0,0
OVERPRODUCED,1,0,0,0,0,0,0
OVERPRODUCES,1,0,0,0,0,0,0
OVERPRODUCING,1,0,0,0,0,0,0
OVERPRODUCTION,1,0,0,0,0,0,0
OVERRULE,0,0,0,1,0,0,0
OVERRULED,0,0,0,1,0,0,0
OVERRULES,0,0,0,1,0,0,0
OVERRULING,0,0,0,1,0,0,0
OVERRUN,1,0,0,0,0,0,0
OVERRUNNING,1,0,0,0,0,0,0
OVERRUNS,1,0,0,0,0,0,0
OVERSHADOW,1,0,0,0,0,0,0
OVERSHADOWED,1,0,0,0,0,0,0
OVERSHADOWING,1,0,0,0,0,0,0
OVERSHADOWS,1,0,0,0,0,0,0
OVERSTATE,1,0,0,0,0,0,0
OVERSTATED,1,0,0,0,0,0,0
OVERSTATEMENT,1,0,0,0,0,0,0
OVERSTATEMENTS,1,0,0,0,0,0,0
OVERSTATES,1,0,0,0,0,0,0
OVERSTATING,1,0,0,0,0,0,0
OVERSUPPLIED,1,0,0,0,0,0,0
OVERSUPPLIES,1,0,0,0,0,0,0
OVERSUPPLY,1,0,0,0,0,0,0
OVERSUPPLYING,1,0,0,0,0,0,0
OVERTLY,1,0,0,0,0,0,0
OVERTURN,1,0,0,0,0,0,0
OVERTURNED,1,0,0,0,0,0,0
OVERTURNING,1,0,0,0,0,0,0
OVERTURNS,1,0,0,0,0,0,0
OVERVALUE,1,0,0,0,0,0,0
OVERVALUED,1,0,0,0,0,0,0
OVERVALUING,1,0,0,0,0,0,0
PANIC,1,0,0,0,0,0,0
PANICS,1,0,0,0,0,0,0
PARA,0,0,0,1,0,0,0
PARI,0,0,0,1,0,0,0
PASSU,0,0,0,1,0,0,0
PATENTEE,0,0,0,1,0,0,0
PECUNIARILY,0,0,0,1,0,0,0
PENALIZE,1,0,0,0,0,0,0
PENALIZED,1,0,0,0,0,0,0
PENALIZES,1,0,0,0,0,0,0
PENALIZING,1,0,0,0,0,0,0
PENALTIES,1,0,0,0,0,0,0
PENALTY,1,0,0,0,0,0,0
PENDING,0,0,1,0,0,0,0
PERFECT,0,1,0,0,0,0,0
PERFECTED,0,1,0,0,0,0,0
PERFECTLY,0,1,0,0,0,0,0
PERFECTS,0,1,0,0,0,0,0
PERHAPS,0,0,1,0,0,1,0
PERIL,1,0,0,0,0,0,0
PERILS,1,0,0,0,0,0,0
PERJURY,1,0,0,1,0,0,0
PERMISSIBLE,0,0,0,0,0,0,1
PERMISSION,0,0,0,0,0,0,1
PERMISSIONS,0,0,0,0,0,0,1
PERMITTED,0,0,0,0,0,0,1
PERMITTEE,0,0,0,1,0,0,0
PERMITTEES,0,0,0,1,0,0,0
PERMITTING,0,0,0,0,0,0,1
PERPETRATE,1,0,0,1,0,0,0
PERPETRATED,1,0,0,1,0,0,0
PERPETRATES,1,0,0,1,0,0,0
PERPETRATING,1,0,0,1,0,0,0
PERPETRATION,1,0,0,1,0,0,0
PERSIST,1,0,0,0,0,0,0
PERSISTED,1,0,0,0,0,0,0
PERSISTENCE,1,0,0,0,0,0,0
PERSISTENT,1,0,0,0,0,0,0
PERSISTENTLY,1,0,0,0,0,0,0
PERSISTING,1,0,0,0,0,0,0
PERSISTS,1,0,0,0,0,0,0
PERSONAM,0,0,0,1,0,0,0
PERVASIVE,1,0,0,0,0,0,0
PERVASIVELY,1,0,0,0,0,0,0
PERVASIVENESS,1,0,0,0,0,0,0
PETITION,0,0,0,1,0,0,0
PETITIONED,0,0,0,1,0,0,0
PETITIONER,0,0,0,1,0,0,0
PETITIONERS,0,0,0,1,0,0,0
PETITIONING,0,0,0,1,0,0,0
PETITIONS,0,0,0,1,0,0,0
PETTY,1,0,0,0,0,0,0
PICKET,1,0,0,0,0,0,0
PICKETED,1,0,0,0,0,0,0
PICKETING,1,0,0,0,0,0,0
PLAINTIFF,1,0,0,1,0,0,0
PLAINTIFFS,1,0,0,1,0,0,0
PLEA,1,0,0,0,0,0,0
PLEAD,1,0,0,0,0,0,0
PLEADED,1,0,0,0,0,0,0
PLEADING,1,0,0,1,0,0,0
PLEADINGS,1,0,0,1,0,0,0
PLEADS,1,0,0,1,0,0,0
PLEAS,1,0,0,1,0,0,0
PLEASANT,0,1,0,0,0,0,0
PLEASANTLY,0,1,0,0,0,0,0
PLEASED,0,1,0,0,0,0,0
PLEASURE,0,1,0,0,0,0,0
PLED,1,0,0,0,0,0,0
PLEDGE,0,0,0,0,0,0,1
PLEDGED,0,0,0,0,0,0,1
PLEDGEE,0,0,0,1,0,0,0
PLEDGEES,0,0,0,1,0,0,0
PLEDGES,0,0,0,0,0,0,1
PLEDGING,0,0,0,0,0,0,1
PLEDGOR,0,0,0,1,0,0,0
PLEDGORS,0,0,0,1,0,0,0
PLENTIFUL,0,1,0,0,0,0,0
POOR,1,0,0,0,0,0,0
POORLY,1,0,0,0,0,0,0
POPULAR,0,1,0,0,0,0,0
POPULARITY,0,1,0,0,0,0,0
POSES,1,0,0,0,0,0,0
POSING,1,0,0,0,0,0,0
POSITIVE,0,1,0,0,0,0,0
POSITIVELY,0,1,0,0,0,0,0
POSSESSORY,0,0,0,1,0,0,0
POSSIBILITIES,0,0,1,0,0,0,0
POSSIBILITY,0,0,1,0,0,0,0
POSSIBLE,0,0,1,0,0,1,0
POSSIBLY,0,0,1,0,0,1,0
POSTCLOSING,0,0,0,1,0,0,0
POSTCLOSURE,0,0,0,1,0,0,0
POSTCONTRACT,0,0,0,1,0,0,0
POSTJUDGMENT,0,0,0,1,0,0,0
POSTPONE,1,0,0,0,0,0,0
POSTPONED,1,0,0,0,0,0,0
POSTPONEMENT,1,0,0,0,0,0,0
POSTPONEMENTS,1,0,0,0,0,0,0
POSTPONES,1,0,0,0,0,0,0
POSTPONING,1,0,0,0,0,0,0
PREAMENDMENT,0,0,0,1,0,0,0
PRECAUTION,0,0,1,0,0,0,0
PRECAUTIONARY,0,0,1,0,0,0,0
PRECAUTIONS,0,0,1,0,0,0,0
PRECIPITATED,1,0,0,0,0,0,0
PRECIPITOUS,1,0,0,0,0,0,0
PRECIPITOUSLY,1,0,0,0,0,0,0
PRECLUDE,1,0,0,0,0,0,1
PRECLUDED,1,0,0,0,0,0,1
PRECLUDES,1,0,0,0,0,0,1
PRECLUDING,1,0,0,0,0,0,1
PRECONDITION,0,0,0,0,0,0,1
PRECONDITIONS,0,0,0,0,0,0,1
PREDATORY,1,0,0,0,0,0,0
PREDECEASE,0,0,0,1,0,0,0
PREDECEASED,0,0,0,1,0,0,0
PREDECEASES,0,0,0,1,0,0,0
PREDECEASING,0,0,0,1,0,0,0
PREDICT,0,0,1,0,0,0,0
PREDICTABILITY,0,0,1,0,0,0,0
PREDICTED,0,0,1,0,0,0,0
PREDICTING,0,0,1,0,0,0,0
PREDICTION,0,0,1,0,0,0,0
PREDICTIONS,0,0,1,0,0,0,0
PREDICTIVE,0,0,1,0,0,0,0
PREDICTOR,0,0,1,0,0,0,0
PREDICTORS,0,0,1,0,0,0,0
PREDICTS,0,0,1,0,0,0,0
PREEMINENCE,0,1,0,0,0,0,0
PREEMINENT,0,1,0,0,0,0,0
PREHEARING,0,0,0,1,0,0,0
PREJUDICE,1,0,0,1,0,0,0
PREJUDICED,1,0,0,1,0,0,0
PREJUDICES,1,0,0,1,0,0,0
PREJUDICIAL,1,0,0,1,0,0,0
PREJUDICING,1,0,0,1,0,0,0
PRELIMINARILY,0,0,1,0,0,0,0
PRELIMINARY,0,0,1,0,0,0,0
PREMATURE,1,0,0,0,0,0,0
PREMATURELY,1,0,0,0,0,0,0
PREMIER,0,1,0,0,0,0,0
PREMIERE,0,1,0,0,0,0,0
PREPETITION,0,0,0,1,0,0,0
PRESET,0,0,0,0,0,0,1
PRESSING,1,0,0,0,0,0,0
PRESTIGE,0,1,0,0,0,0,0
PRESTIGIOUS,0,1,0,0,0,0,0
PRESUMABLY,0,0,1,0,0,0,0
PRESUME,0,0,1,0,0,0,0
PRESUMED,0,0,1,0,0,0,0
PRESUMES,0,0,1,0,0,0,0
PRESUMING,0,0,1,0,0,0,0
PRESUMPTION,0,0,1,0,0,0,0
PRESUMPTIONS,0,0,1,0,0,0,0
PRESUMPTIVELY,0,0,0,1,0,0,0
PRETRIAL,1,0,0,1,0,0,0
PREVENT,0,0,0,0,0,0,1
PREVENTED,0,0,0,0,0,0,1
PREVENTING,1,0,0,0,0,0,1
PREVENTION,1,0,0,0,0,0,0
PREVENTS,1,0,0,0,0,0,1
PRIMA,0,0,0,1,0,0,0
PRIVITY,0,0,0,1,0,0,0
PROACTIVE,0,1,0,0,0,0,0
PROACTIVELY,0,1,0,0,0,0,0
PROBABILISTIC,0,0,1,0,0,0,0
PROBABILITIES,0,0,1,0,0,0,0
PROBABILITY,0,0,1,0,0,0,0
PROBABLE,0,0,1,0,0,0,0
PROBABLY,0,0,1,0,0,0,0
PROBATE,0,0,0,1,0,0,0
PROBATED,0,0,0,1,0,0,0
PROBATES,0,0,0,1,0,0,0
PROBATING,0,0,0,1,0,0,0
PROBATION,0,0,0,1,0,0,0
PROBATIONAL,0,0,0,1,0,0,0
PROBATIONARY,0,0,0,1,0,0,0
PROBATIONER,0,0,0,1,0,0,0
PROBATIONERS,0,0,0,1,0,0,0
PROBATIONS,0,0,0,1,0,0,0
PROBLEM,1,0,0,0,0,0,0
PROBLEMATIC,1,0,0,0,0,0,0
PROBLEMATICAL,1,0,0,0,0,0,0
PROBLEMS,1,0,0,0,0,0,0
PROFICIENCY,0,1,0,0,0,0,0
PROFICIENT,0,1,0,0,0,0,0
PROFICIENTLY,0,1,0,0,0,0,0
PROFITABILITY,0,1,0,0,0,0,0
PROFITABLE,0,1,0,0,0,0,0
PROFITABLY,0,1,0,0,0,0,0
PROGRESS,0,1,0,0,0,0,0
PROGRESSED,0,1,0,0,0,0,0
PROGRESSES,0,1,0,0,0,0,0
PROGRESSING,0,1,0,0,0,0,0
PROHIBIT,0,0,0,0,0,0,1
PROHIBITED,0,0,0,0,0,0,1
PROHIBITING,0,0,0,0,0,0,1
PROHIBITION,0,0,0,0,0,0,1
PROHIBITIONS,0,0,0,0,0,0,1
PROHIBITIVE,0,0,0,0,0,0,1
PROHIBITIVELY,0,0,0,0,0,0,1
PROHIBITORY,0,0,0,0,0,0,1
PROHIBITS,0,0,0,0,0,0,1
PROLONG,1,0,0,0,0,0,0
PROLONGATION,1,0,0,0,0,0,0
PROLONGATIONS,1,0,0,0,0,0,0
PROLONGED,1,0,0,0,0,0,0
PROLONGING,1,0,0,0,0,0,0
PROLONGS,1,0,0,0,0,0,0
PROMULGATE,0,0,0,1,0,0,0
PROMULGATED,0,0,0,1,0,0,0
PROMULGATES,0,0,0,1,0,0,0
PROMULGATING,0,0,0,1,0,0,0
PROMULGATION,0,0,0,1,0,0,0
PROMULGATIONS,0,0,0,1,0,0,0
PROMULGATOR,0,0,0,1,0,0,0
PROMULGATORS,0,0,0,1,0,0,0
PRONE,1,0,0,0,0,0,0
PRORATA,0,0,0,1,0,0,0
PRORATION,0,0,0,1,0,0,0
PROSECUTE,1,0,0,1,0,0,0
PROSECUTED,1,0,0,1,0,0,0
PROSECUTES,1,0,0,1,0,0,0
PROSECUTING,1,0,0,1,0,0,0
PROSECUTION,1,0,0,1,0,0,0
PROSECUTIONS,1,0,0,1,0,0,0
PROSECUTOR,0,0,0,1,0,0,0
PROSECUTORIAL,0,0,0,1,0,0,0
PROSECUTORS,0,0,0,1,0,0,0
PROSPERED,0,1,0,0,0,0,0
PROSPERING,0,1,0,0,0,0,0
PROSPERITY,0,1,0,0,0,0,0
PROSPEROUS,0,1,0,0,0,0,0
PROSPERS,0,1,0,0,0,0,0
PROTEST,1,0,0,0,0,0,0
PROTESTED,1,0,0,0,0,0,0
PROTESTER,1,0,0,0,0,0,0
PROTESTERS,1,0,0,0,0,0,0
PROTESTING,1,0,0,0,0,0,0
PROTESTOR,1,0,0,0,0,0,0
PROTESTORS,1,0,0,0,0,0,0
PROTESTS,1,0,0,0,0,0,0
PROTRACTED,1,0,0,0,0,0,0
PROTRACTION,1,0,0,0,0,0,0
PROVISO,0,0,0,1,0,0,0
PROVISOES,0,0,0,1,0,0,0
PROVISOS,0,0,0,1,0,0,0
PROVOKE,1,0,0,0,0,0,0
PROVOKED,1,0,0,0,0,0,0
PROVOKES,1,0,0,0,0,0,0
PROVOKING,1,0,0,0,0,0,0
PUNISHABLE,0,0,0,1,0,0,0
PUNISHED,1,0,0,0,0,0,0
PUNISHES,1,0,0,0,0,0,0
PUNISHING,1,0,0,0,0,0,0
PUNISHMENT,1,0,0,0,0,0,0
PUNISHMENTS,1,0,0,0,0,0,0
PUNITIVE,1,0,0,0,0,0,0
PURPORT,1,0,0,0,0,0,0
PURPORTED,1,0,0,0,0,0,0
PURPORTEDLY,1,0,0,0,0,0,0
PURPORTING,1,0,0,0,0,0,0
PURPORTS,1,0,0,0,0,0,0
QUESTION,1,0,0,0,0,0,0
QUESTIONABLE,1,0,0,0,0,0,0
QUESTIONABLY,1,0,0,0,0,0,0
QUESTIONED,1,0,0,0,0,0,0
QUESTIONING,1,0,0,0,0,0,0
QUESTIONS,1,0,0,0,0,0,0
QUIT,1,0,0,0,0,0,0
QUITCLAIM,0,0,0,1,0,0,0
QUITCLAIMS,0,0,0,1,0,0,0
QUITTING,1,0,0,0,0,0,0
RACKETEER,1,0,0,0,0,0,0
RACKETEERING,1,0,0,0,0,0,0
RANDOM,0,0,1,0,0,0,0
RANDOMIZE,0,0,1,0,0,0,0
RANDOMIZED,0,0,1,0,0,0,0
RANDOMIZES,0,0,1,0,0,0,0
RANDOMIZING,0,0,1,0,0,0,0
RANDOMLY,0,0,1,0,0,0,0
RANDOMNESS,0,0,1,0,0,0,0
RATA,0,0,0,1,0,0,0
RATABLE,0,0,0,1,0,0,0
RATABLY,0,0,0,1,0,0,0
RATIONALIZATION,1,0,0,0,0,0,0
RATIONALIZATIONS,1,0,0,0,0,0,0
RATIONALIZE,1,0,0,0,0,0,0
RATIONALIZED,1,0,0,0,0,0,0
RATIONALIZES,1,0,0,0,0,0,0
RATIONALIZING,1,0,0,0,0,0,0
REARGUMENT,0,0,0,1,0,0,0
REASSESS,0,0,1,0,0,0,0
REASSESSED,0,0,1,0,0,0,0
REASSESSES,0,0,1,0,0,0,0
REASSESSING,0,0,1,0,0,0,0
REASSESSMENT,1,0,1,0,0,0,0
REASSESSMENTS,1,0,1,0,0,0,0
REASSIGN,1,0,0,0,0,0,0
REASSIGNED,1,0,0,0,0,0,0
REASSIGNING,1,0,0,0,0,0,0
REASSIGNMENT,1,0,0,0,0,0,0
REASSIGNMENTS,1,0,0,0,0,0,0
REASSIGNS,1,0,0,0,0,0,0
REBOUND,0,1,0,0,0,0,0
REBOUNDED,0,1,0,0,0,0,0
REBOUNDING,0,1,0,0,0,0,0
REBUT,0,0,0,1,0,0,0
REBUTS,0,0,0,1,0,0,0
REBUTTABLE,0,0,0,1,0,0,0
REBUTTABLY,0,0,0,1,0,0,0
REBUTTAL,0,0,0,1,0,0,0
REBUTTALS,0,0,0,1,0,0,0
REBUTTED,0,0,0,1,0,0,0
REBUTTING,0,0,0,1,0,0,0
RECALCULATE,0,0,1,0,0,0,0
RECALCULATED,0,0,1,0,0,0,0
RECALCULATES,0,0,1,0,0,0,0
RECALCULATING,0,0,1,0,0,0,0
RECALCULATION,0,0,1,0,0,0,0
RECALCULATIONS,0,0,1,0,0,0,0
RECALL,1,0,0,0,0,0,0
RECALLED,1,0,0,0,0,0,0
RECALLING,1,0,0,0,0,0,0
RECALLS,1,0,0,0,0,0,0
RECEPTIVE,0,1,0,0,0,0,0
RECESSION,1,0,0,0,0,0,0
RECESSIONARY,1,0,0,0,0,0,0
RECESSIONS,1,0,0,0,0,0,0
RECKLESS,1,0,0,0,0,0,0
RECKLESSLY,1,0,0,0,0,0,0
RECKLESSNESS,1,0,0,0,0,0,0
RECONSIDER,0,0,1,0,0,0,0
RECONSIDERED,0,0,1,0,0,0,0
RECONSIDERING,0,0,1,0,0,0,0
RECONSIDERS,0,0,1,0,0,0,0
RECORDATION,0,0,0,1,0,0,0
RECOUPABLE,0,0,0,1,0,0,0
RECOUPMENT,0,0,0,1,0,0,0
RECOUPMENTS,0,0,0,1,0,0,0
RECOURSE,0,0,0,1,0,0,0
RECOURSES,0,0,0,1,0,0,0
RECTIFICATION,0,0,0,1,0,0,0
RECTIFICATIONS,0,0,0,1,0,0,0
RECUSAL,0,0,0,1,0,0,0
RECUSE,0,0,0,1,0,0,0
RECUSED,0,0,0,1,0,0,0
RECUSES,0,0,0,1,0,0,0
RECUSING,0,0,0,1,0,0,0
REDACT,1,0,0,1,0,0,0
REDACTED,1,0,0,1,0,0,0
REDACTING,1,0,0,1,0,0,0
REDACTION,1,0,0,1,0,0,0
REDACTIONS,1,0,0,1,0,0,0
REDEFAULT,1,0,0,0,0,0,0
REDEFAULTED,1,0,0,0,0,0,0
REDEFAULTS,1,0,0,0,0,0,0
REDRESS,1,0,0,0,0,0,0
REDRESSED,1,0,0,0,0,0,0
REDRESSES,1,0,0,0,0,0,0
REDRESSING,1,0,0,0,0,0,0
REEXAMINATION,0,0,1,0,0,0,0
REEXAMINE,0,0,1,0,0,0,0
REEXAMINING,0,0,1,0,0,0,0
REFERENDA,0,0,0,1,0,0,0
REFERENDUM,0,0,0,1,0,0,0
REFERENDUMS,0,0,0,1,0,0,0
REFILE,0,0,0,1,0,0,0
REFILED,0,0,0,1,0,0,0
REFILES,0,0,0,1,0,0,0
REFILING,0,0,0,1,0,0,0
REFRAIN,0,0,0,0,0,0,1
REFRAINING,0,0,0,0,0,0,1
REFRAINS,0,0,0,0,0,0,1
REFUSAL,1,0,0,0,0,0,0
REFUSALS,1,0,0,0,0,0,0
REFUSE,1,0,0,0,0,0,0
REFUSED,1,0,0,0,0,0,0
REFUSES,1,0,0,0,0,0,0
REFUSING,1,0,0,0,0,0,0
REGAIN,0,1,0,0,0,0,0
REGAINED,0,1,0,0,0,0,0
REGAINING,0,1,0,0,0,0,0
REGULATE,0,0,0,1,0,0,0
REGULATED,0,0,0,1,0,0,0
REGULATES,0,0,0,1,0,0,0
REGULATING,0,0,0,1,0,0,0
REGULATION,0,0,0,1,0,0,0
REGULATIONS,0,0,0,1,0,0,0
REGULATIVE,0,0,0,1,0,0,0
REGULATOR,0,0,0,1,0,0,0
REGULATORS,0,0,0,1,0,0,0
REGULATORY,0,0,0,1,0,0,0
REHEAR,0,0,0,1,0,0,0
REHEARD,0,0,0,1,0,0,0
REHEARING,0,0,0,1,0,0,0
REHEARINGS,0,0,0,1,0,0,0
REINTERPRET,0,0,1,0,0,0,0
REINTERPRETATION,0,0,1,0,0,0,0
REINTERPRETATIONS,0,0,1,0,0,0,0
REINTERPRETED,0,0,1,0,0,0,0
REINTERPRETING,0,0,1,0,0,0,0
REINTERPRETS,0,0,1,0,0,0,0
REJECT,1,0,0,0,0,0,0
REJECTED,1,0,0,0,0,0,0
REJECTING,1,0,0,0,0,0,0
REJECTION,1,0,0,0,0,0,0
REJECTIONS,1,0,0,0,0,0,0
REJECTS,1,0,0,0,0,0,0
RELEASEES,0,0,0,1,0,0,0
RELINQUISH,1,0,0,0,0,0,0
RELINQUISHED,1,0,0,0,0,0,0
RELINQUISHES,1,0,0,0,0,0,0
RELINQUISHING,1,0,0,0,0,0,0
RELINQUISHMENT,1,0,0,0,0,0,0
RELINQUISHMENTS,1,0,0,0,0,0,0
RELUCTANCE,1,0,0,0,0,0,0
RELUCTANT,1,0,0,0,0,0,0
REMAND,0,0,0,1,0,0,0
REMANDED,0,0,0,1,0,0,0
REMANDING,0,0,0,1,0,0,0
REMANDS,0,0,0,1,0,0,0
REMEDIATE,0,0,0,1,0,0,0
REMEDIATED,0,0,0,1,0,0,0
REMEDIATING,0,0,0,1,0,0,0
REMEDIATION,0,0,0,1,0,0,0
REMEDIATIONS,0,0,0,1,0,0,0
REMEDIED,0,0,0,1,0,0,0
REMISED,0,0,0,1,0,0,0
RENEGOTIATE,1,0,0,0,0,0,0
RENEGOTIATED,1,0,0,0,0,0,0
RENEGOTIATES,1,0,0,0,0,0,0
RENEGOTIATING,1,0,0,0,0,0,0
RENEGOTIATION,1,0,0,0,0,0,0
RENEGOTIATIONS,1,0,0,0,0,0,0
RENOUNCE,1,0,0,0,0,0,0
RENOUNCED,1,0,0,0,0,0,0
RENOUNCEMENT,1,0,0,0,0,0,0
RENOUNCEMENTS,1,0,0,0,0,0,0
RENOUNCES,1,0,0,0,0,0,0
RENOUNCING,1,0,0,0,0,0,0
REPARATION,1,0,0,0,0,0,0
REPARATIONS,1,0,0,0,0,0,0
REPLEDGED,0,0,0,1,0,0,0
REPLEVIN,0,0,0,1,0,0,0
REPOSSESSED,1,0,0,0,0,0,0
REPOSSESSES,1,0,0,0,0,0,0
REPOSSESSING,1,0,0,0,0,0,0
REPOSSESSION,1,0,0,0,0,0,0
REPOSSESSIONS,1,0,0,0,0,0,0
REPRORATED,0,0,0,1,0,0,0
REPUDIATE,1,0,0,0,0,0,0
REPUDIATED,1,0,0,0,0,0,0
REPUDIATES,1,0,0,0,0,0,0
REPUDIATING,1,0,0,0,0,0,0
REPUDIATION,1,0,0,0,0,0,0
REPUDIATIONS,1,0,0,0,0,0,0
REQUESTER,0,0,0,1,0,0,0
REQUESTOR,0,0,0,1,0,0,0
REQUIRE,0,0,0,0,0,0,1
REQUIRED,0,0,0,0,0,0,1
REQUIREMENT,0,0,0,0,0,0,1
REQUIREMENTS,0,0,0,0,0,0,1
REQUIRES,0,0,0,0,0,0,1
REQUIRING,0,0,0,0,0,0,1
REREGULATION,0,0,0,1,0,0,0
RESCIND,0,0,0,1,0,0,0
RESCINDED,0,0,0,1,0,0,0
RESCINDING,0,0,0,1,0,0,0
RESCINDS,0,0,0,1,0,0,0
RESCISSION,0,0,0,1,0,0,0
RESCISSIONS,0,0,0,1,0,0,0
RESIGN,1,0,0,0,0,0,0
RESIGNATION,1,0,0,0,0,0,0
RESIGNATIONS,1,0,0,0,0,0,0
RESIGNED,1,0,0,0,0,0,0
RESIGNING,1,0,0,0,0,0,0
RESIGNS,1,0,0,0,0,0,0
RESOLVE,0,1,0,0,0,0,0
RESTATE,1,0,0,0,0,0,0
RESTATED,1,0,0,0,0,0,0
RESTATEMENT,1,0,0,0,0,0,0
RESTATEMENTS,1,0,0,0,0,0,0
RESTATES,1,0,0,0,0,0,0
RESTATING,1,0,0,0,0,0,0
RESTITUTIONARY,0,0,0,1,0,0,0
RESTRAIN,0,0,0,0,0,0,1
RESTRAINED,0,0,0,0,0,0,1
RESTRAINING,0,0,0,0,0,0,1
RESTRAINS,0,0,0,0,0,0,1
RESTRAINT,0,0,0,0,0,0,1
RESTRAINTS,0,0,0,0,0,0,1
RESTRICT,0,0,0,0,0,0,1
RESTRICTED,0,0,0,0,0,0,1
RESTRICTING,0,0,0,0,0,0,1
RESTRICTION,0,0,0,0,0,0,1
RESTRICTIONS,0,0,0,0,0,0,1
RESTRICTIVE,0,0,0,0,0,0,1
RESTRICTIVELY,0,0,0,0,0,0,1
RESTRICTIVENESS,0,0,0,0,0,0,1
RESTRICTS,0,0,0,0,0,0,1
RESTRUCTURE,1,0,0,0,0,0,0
RESTRUCTURED,1,0,0,0,0,0,0
RESTRUCTURES,1,0,0,0,0,0,0
RESTRUCTURING,1,0,0,0,0,0,0
RESTRUCTURINGS,1,0,0,0,0,0,0
RETALIATE,1,0,0,0,0,0,0
RETALIATED,1,0,0,0,0,0,0
RETALIATES,1,0,0,0,0,0,0
RETALIATING,1,0,0,0,0,0,0
RETALIATION,1,0,0,0,0,0,0
RETALIATIONS,1,0,0,0,0,0,0
RETALIATORY,1,0,0,0,0,0,0
RETENDERING,0,0,0,1,0,0,0
RETRIBUTION,1,0,0,0,0,0,0
RETRIBUTIONS,1,0,0,0,0,0,0
RETROCEDE,0,0,0,1,0,0,0
RETROCEDED,0,0,0,1,0,0,0
RETROCESSIONAIRES,0,0,0,1,0,0,0
REVISE,0,0,1,0,0,0,0
REVISED,0,0,1,0,0,0,0
REVOCABILITY,0,0,0,1,0,0,0
REVOCATION,1,0,0,1,0,0,0
REVOCATIONS,1,0,0,1,0,0,0
REVOKE,1,0,0,0,0,0,0
REVOKED,1,0,0,0,0,0,0
REVOKES,1,0,0,0,0,0,0
REVOKING,1,0,0,0,0,0,0
REVOLUTIONIZE,0,1,0,0,0,0,0
REVOLUTIONIZED,0,1,0,0,0,0,0
REVOLUTIONIZES,0,1,0,0,0,0,0
REVOLUTIONIZING,0,1,0,0,0,0,0
REWARD,0,1,0,0,0,0,0
REWARDED,0,1,0,0,0,0,0
REWARDING,0,1,0,0,0,0,0
REWARDS,0,1,0,0,0,0,0
RIDICULE,1,0,0,0,0,0,0
RIDICULED,1,0,0,0,0,0,0
RIDICULES,1,0,0,0,0,0,0
RIDICULING,1,0,0,0,0,0,0
RISK,0,0,1,0,0,0,0
RISKED,0,0,1,0,0,0,0
RISKIER,1,0,1,0,0,0,0
RISKIEST,1,0,1,0,0,0,0
RISKINESS,0,0,1,0,0,0,0
RISKING,0,0,1,0,0,0,0
RISKS,0,0,1,0,0,0,0
RISKY,1,0,1,0,0,0,0
ROUGHLY,0,0,1,0,0,0,0
RULING,0,0,0,1,0,0,0
RULINGS,0,0,0,1,0,0,0
RUMORS,0,0,1,0,0,0,0
SABOTAGE,1,0,0,0,0,0,0
SACRIFICE,1,0,0,0,0,0,0
SACRIFICED,1,0,0,0,0,0,0
SACRIFICES,1,0,0,0,0,0,0
SACRIFICIAL,1,0,0,0,0,0,0
SACRIFICING,1,0,0,0,0,0,0
SATISFACTION,0,1,0,0,0,0,0
SATISFACTORILY,0,1,0,0,0,0,0
SATISFACTORY,0,1,0,0,0,0,0
SATISFIED,0,1,0,0,0,0,0
SATISFIES,0,1,0,0,0,0,0
SATISFY,0,1,0,0,0,0,0
SATISFYING,0,1,0,0,0,0,0
SCANDALOUS,1,0,0,0,0,0,0
SCANDALS,1,0,0,0,0,0,0
SCRUTINIZE,1,0,0,0,0,0,0
SCRUTINIZED,1,0,0,0,0,0,0
SCRUTINIZES,1,0,0,0,0,0,0
SCRUTINIZING,1,0,0,0,0,0,0
SCRUTINY,1,0,0,0,0,0,0
SECRECY,1,0,0,0,0,0,0
SEEMS,0,0,1,0,0,0,0
SEIZE,1,0,0,0,0,0,0
SEIZED,1,0,0,0,0,0,0
SEIZES,1,0,0,0,0,0,0
SEIZING,1,0,0,0,0,0,0
SELDOM,0,0,1,0,0,1,0
SELDOMLY,0,0,1,0,0,1,0
SENTENCED,1,0,0,1,0,0,0
SENTENCING,1,0,0,1,0,0,0
SEQUESTRATOR,0,0,0,1,0,0,0
SERIOUS,1,0,0,0,0,0,0
SERIOUSLY,1,0,0,0,0,0,0
SERIOUSNESS,1,0,0,0,0,0,0
SETBACK,1,0,0,0,0,0,0
SETBACKS,1,0,0,0,0,0,0
SETTLEMENT,0,0,0,1,0,0,0
SETTLEMENTS,0,0,0,1,0,0,0
SEVER,1,0,0,0,0,0,0
SEVERABILITY,0,0,0,1,0,0,0
SEVERABLE,0,0,0,1,0,0,0
SEVERALLY,0,0,0,1,0,0,0
SEVERANCE,0,0,0,1,0,0,0
SEVERANCES,0,0,0,1,0,0,0
SEVERE,1,0,0,0,0,0,0
SEVERED,1,0,0,0,0,0,0
SEVERELY,1,0,0,0,0,0,0
SEVERITIES,1,0,0,0,0,0,0
SEVERITY,1,0,0,0,0,0,0
SHALL,0,0,0,1,0,0,0
SHARPLY,1,0,0,0,0,0,0
SHOCKED,1,0,0,0,0,0,0
SHORTAGE,1,0,0,0,0,0,0
SHORTAGES,1,0,0,0,0,0,0
SHORTFALL,1,0,0,0,0,0,0
SHORTFALLS,1,0,0,0,0,0,0
SHRINKAGE,1,0,0,0,0,0,0
SHRINKAGES,1,0,0,0,0,0,0
SHUT,1,0,0,0,0,0,0
SHUTDOWN,1,0,0,0,0,0,0
SHUTDOWNS,1,0,0,0,0,0,0
SHUTS,1,0,0,0,0,0,0
SHUTTING,1,0,0,0,0,0,0
SLANDER,1,0,0,0,0,0,0
SLANDERED,1,0,0,0,0,0,0
SLANDEROUS,1,0,0,0,0,0,0
SLANDERS,1,0,0,0,0,0,0
SLIPPAGE,1,0,0,0,0,0,0
SLIPPAGES,1,0,0,0,0,0,0
SLOW,1,0,0,0,0,0,0
SLOWDOWN,1,0,0,0,0,0,0
SLOWDOWNS,1,0,0,0,0,0,0
SLOWED,1,0,0,0,0,0,0
SLOWER,1,0,0,0,0,0,0
SLOWEST,1,0,0,0,0,0,0
SLOWING,1,0,0,0,0,0,0
SLOWLY,1,0,0,0,0,0,0
SLOWNESS,1,0,0,0,0,0,0
SLUGGISH,1,0,0,0,0,0,0
SLUGGISHLY,1,0,0,0,0,0,0
SLUGGISHNESS,1,0,0,0,0,0,0
SMOOTH,0,1,0,0,0,0,0
SMOOTHING,0,1,0,0,0,0,0
SMOOTHLY,0,1,0,0,0,0,0
SMOOTHS,0,1,0,0,0,0,0
SOLVENCIES,1,0,0,0,0,0,0
SOLVENCY,1,0,0,0,0,0,0
SOLVES,0,1,0,0,0,0,0
SOLVING,0,1,0,0,0,0,0
SOMETIME,0,0,1,0,0,0,0
SOMETIMES,0,0,1,0,0,1,0
SOMEWHAT,0,0,1,0,0,1,0
SOMEWHERE,0,0,1,0,0,0,0
SPAM,1,0,0,0,0,0,0
SPAMMERS,1,0,0,0,0,0,0
SPAMMING,1,0,0,0,0,0,0
SPECTACULAR,0,1,0,0,0,0,0
SPECTACULARLY,0,1,0,0,0,0,0
SPECULATE,0,0,1,0,0,0,0
SPECULATED,0,0,1,0,0,0,0
SPECULATES,0,0,1,0,0,0,0
SPECULATING,0,0,1,0,0,0,0
SPECULATION,0,0,1,0,0,0,0
SPECULATIONS,0,0,1,0,0,0,0
SPECULATIVE,0,0,1,0,0,0,0
SPECULATIVELY,0,0,1,0,0,0,0
SPORADIC,0,0,1,0,0,0,0
SPORADICALLY,0,0,1,0,0,0,0
STABILITY,0,1,0,0,0,0,0
STABILIZATION,0,1,0,0,0,0,0
STABILIZATIONS,0,1,0,0,0,0,0
STABILIZE,0,1,0,0,0,0,0
STABILIZED,0,1,0,0,0,0,0
STABILIZES,0,1,0,0,0,0,0
STABILIZING,0,1,0,0,0,0,0
STABLE,0,1,0,0,0,0,0
STAGGERING,1,0,0,0,0,0,0
STAGNANT,1,0,0,0,0,0,0
STAGNATE,1,0,0,0,0,0,0
STAGNATED,1,0,0,0,0,0,0
STAGNATES,1,0,0,0,0,0,0
STAGNATING,1,0,0,0,0,0,0
STAGNATION,1,0,0,0,0,0,0
STANDSTILL,1,0,0,0,0,0,0
STANDSTILLS,1,0,0,0,0,0,0
STATUTE,0,0,0,1,0,0,0
STATUTES,0,0,0,1,0,0,0
STATUTORILY,0,0,0,1,0,0,0
STATUTORY,0,0,0,1,0,0,0
STIPULATE,0,0,0,0,0,0,1
STIPULATED,0,0,0,0,0,0,1
STIPULATES,0,0,0,0,0,0,1
STIPULATING,0,0,0,0,0,0,1
STIPULATION,0,0,0,0,0,0,1
STIPULATIONS,0,0,0,0,0,0,1
STOLEN,1,0,0,0,0,0,0
STOPPAGE,1,0,0,0,0,0,0
STOPPAGES,1,0,0,0,0,0,0
STOPPED,1,0,0,0,0,0,0
STOPPING,1,0,0,0,0,0,0
STOPS,1,0,0,0,0,0,0
STRAIN,1,0,0,0,0,0,0
STRAINED,1,0,0,0,0,0,0
STRAINING,1,0,0,0,0,0,0
STRAINS,1,0,0,0,0,0,0
STRENGTH,0,1,0,0,0,0,0
STRENGTHEN,0,1,0,0,0,0,0
STRENGTHENED,0,1,0,0,0,0,0
STRENGTHENING,0,1,0,0,0,0,0
STRENGTHENS,0,1,0,0,0,0,0
STRENGTHS,0,1,0,0,0,0,0
STRESS,1,0,0,0,0,0,0
STRESSED,1,0,0,0,0,0,0
STRESSES,1,0,0,0,0,0,0
STRESSFUL,1,0,0,0,0,0,0
STRESSING,1,0,0,0,0,0,0
STRICT,0,0,0,0,0,0,1
STRICTER,0,0,0,0,0,0,1
STRICTEST,0,0,0,0,0,0,1
STRICTLY,0,0,0,0,0,0,1
STRINGENT,1,0,0,0,0,0,0
STRONG,0,1,0,0,0,0,0
STRONGER,0,1,0,0,0,0,0
STRONGEST,0,1,0,0,0,0,0
STRONGLY,0,0,0,0,1,0,0
SUBCLAUSE,0,0,0,1,0,0,0
SUBCLAUSES,0,0,0,1,0,0,0
SUBDOCKET,0,0,0,1,0,0,0
SUBJECTED,1,0,0,0,0,0,0
SUBJECTING,1,0,0,0,0,0,0
SUBJECTION,1,0,0,0,0,0,0
SUBLEASEE,0,0,0,1,0,0,0
SUBLEASEHOLD,0,0,0,1,0,0,0
SUBLESSORS,0,0,0,1,0,0,0
SUBLICENSEE,0,0,0,1,0,0,0
SUBLICENSOR,0,0,0,1,0,0,0
SUBPARAGRAPH,0,0,0,1,0,0,0
SUBPARAGRAPHS,0,0,0,1,0,0,0
SUBPOENA,1,0,0,1,0,0,0
SUBPOENAED,1,0,0,1,0,0,0
SUBPOENAS,1,0,0,1,0,0,0
SUBROGATED,0,0,0,1,0,0,0
SUBROGATION,0,0,0,1,0,0,0
SUBSTANDARD,1,0,0,0,0,0,0
SUBTRUST,0,0,0,1,0,0,0
SUBTRUSTS,0,0,0,1,0,0,0
SUCCEED,0,1,0,0,0,0,0
SUCCEEDED,0,1,0,0,0,0,0
SUCCEEDING,0,1,0,0,0,0,0
SUCCEEDS,0,1,0,0,0,0,0
SUCCESS,0,1,0,0,0,0,0
SUCCESSES,0,1,0,0,0,0,0
SUCCESSFUL,0,1,0,0,0,0,0
SUCCESSFULLY,0,1,0,0,0,0,0
SUDDEN,0,0,1,0,0,0,0
SUDDENLY,0,0,1,0,0,0,0
SUE,1,0,0,1,0,0,0
SUED,1,0,0,1,0,0,0
SUES,1,0,0,1,0,0,0
SUFFER,1,0,0,0,0,0,0
SUFFERED,1,0,0,0,0,0,0
SUFFERING,1,0,0,0,0,0,0
SUFFERS,1,0,0,0,0,0,0
SUGGEST,0,0,1,0,0,1,0
SUGGESTED,0,0,1,0,0,0,0
SUGGESTING,0,0,1,0,0,0,0
SUGGESTS,0,0,1,0,0,1,0
SUING,1,0,0,1,0,0,0
SUMMONED,1,0,0,1,0,0,0
SUMMONING,1,0,0,1,0,0,0
SUMMONS,1,0,0,1,0,0,0
SUMMONSES,1,0,0,1,0,0,0
SUPERIOR,0,1,0,0,0,0,0
SUPERSEDE,0,0,0,1,0,0,0
SUPERSEDEAS,0,0,0,1,0,0,0
SUPERSEDED,0,0,0,1,0,0,0
SUPERSEDES,0,0,0,1,0,0,0
SUPERSEDING,0,0,0,1,0,0,0
SURETIES,0,0,0,1,0,0,0
SURETY,0,0,0,1,0,0,0
SURPASS,0,1,0,0,0,0,0
SURPASSED,0,1,0,0,0,0,0
SURPASSES,0,1,0,0,0,0,0
SURPASSING,0,1,0,0,0,0,0
SUSCEPTIBILITY,1,0,1,0,0,0,0
SUSCEPTIBLE,1,0,0,0,0,0,0
SUSPECT,1,0,0,0,0,0,0
SUSPECTED,1,0,0,0,0,0,0
SUSPECTS,1,0,0,0,0,0,0
SUSPEND,1,0,0,0,0,0,0
SUSPENDED,1,0,0,0,0,0,0
SUSPENDING,1,0,0,0,0,0,0
SUSPENDS,1,0,0,0,0,0,0
SUSPENSION,1,0,0,0,0,0,0
SUSPENSIONS,1,0,0,0,0,0,0
SUSPICION,1,0,0,0,0,0,0
SUSPICIONS,1,0,0,0,0,0,0
SUSPICIOUS,1,0,0,0,0,0,0
SUSPICIOUSLY,1,0,0,0,0,0,0
TAINT,1,0,0,0,0,0,0
TAINTED,1,0,0,0,0,0,0
TAINTING,1,0,0,0,0,0,0
TAINTS,1,0,0,0,0,0,0
TAMPERED,1,0,0,0,0,0,0
TENANTABILITY,0,0,0,1,0,0,0
TENDING,0,0,1,0,0,0,0
TENSE,1,0,0,0,0,0,0
TENTATIVE,0,0,1,0,0,0,0
TENTATIVELY,0,0,1,0,0,0,0
TERMINABLE,0,0,0,1,0,0,0
TERMINATE,1,0,0,0,0,0,0
TERMINATED,1,0,0,0,0,0,0
TERMINATES,1,0,0,0,0,0,0
TERMINATING,1,0,0,0,0,0,0
TERMINATION,1,0,0,0,0,0,0
TERMINATIONS,1,0,0,0,0,0,0
TERMINUS,0,0,0,1,0,0,0
TESTAMENTARY,0,0,0,1,0,0,0
TESTIFY,1,0,0,1,0,0,0
TESTIFYING,1,0,0,1,0,0,0
TESTIMONY,0,0,0,1,0,0,0
THENCE,0,0,0,1,0,0,0
THENCEFORTH,0,0,0,1,0,0,0
THENCEFORWARD,0,0,0,1,0,0,0
THEREAFTER,0,0,0,1,0,0,0
THEREAT,0,0,0,1,0,0,0
THEREFROM,0,0,0,1,0,0,0
THEREIN,0,0,0,1,0,0,0
THEREINAFTER,0,0,0,1,0,0,0
THEREOF,0,0,0,1,0,0,0
THEREON,0,0,0,1,0,0,0
THEREOVER,0,0,0,1,0,0,0
THERETO,0,0,0,1,0,0,0
THERETOFOR,0,0,0,1,0,0,0
THERETOFORE,0,0,0,1,0,0,0
THEREUNDER,0,0,0,1,0,0,0
THEREUNTO,0,0,0,1,0,0,0
THEREUPON,0,0,0,1,0,0,0
THEREWITH,0,0,0,1,0,0,0
THREAT,1,0,0,0,0,0,0
THREATEN,1,0,0,0,0,0,0
THREATENED,1,0,0,0,0,0,0
THREATENING,1,0,0,0,0,0,0
THREATENS,1,0,0,0,0,0,0
THREATS,1,0,0,0,0,0,0
TIGHTENING,1,0,0,0,0,0,0
TOLERATE,1,0,0,0,0,0,0
TOLERATED,1,0,0,0,0,0,0
TOLERATES,1,0,0,0,0,0,0
TOLERATING,1,0,0,0,0,0,0
TOLERATION,1,0,0,0,0,0,0
TORT,0,0,0,1,0,0,0
TORTIOUS,0,0,0,1,0,0,0
TORTIOUSLY,0,0,0,1,0,0,0
TORTS,0,0,0,1,0,0,0
TORTUOUS,1,0,0,0,0,0,0
TORTUOUSLY,1,0,0,0,0,0,0
TRAGEDIES,1,0,0,0,0,0,0
TRAGEDY,1,0,0,0,0,0,0
TRAGIC,1,0,0,0,0,0,0
TRAGICALLY,1,0,0,0,0,0,0
TRANSFEROR,0,0,0,1,0,0,0
TRANSFERORS,0,0,0,1,0,0,0
TRANSPARENCY,0,1,0,0,0,0,0
TRAUMATIC,1,0,0,0,0,0,0
TREMENDOUS,0,1,0,0,0,0,0
TREMENDOUSLY,0,1,0,0,0,0,0
TROUBLE,1,0,0,0,0,0,0
TROUBLED,1,0,0,0,0,0,0
TROUBLES,1,0,0,0,0,0,0
TURBULENCE,1,0,1,0,0,0,0
TURMOIL,1,0,0,0,0,0,0
UNABLE,1,0,0,0,0,0,0
UNACCEPTABLE,1,0,0,0,0,0,0
UNACCEPTABLY,1,0,0,0,0,0,0
UNACCOUNTED,1,0,0,0,0,0,0
UNAMBIGUOUSLY,0,0,0,0,1,0,0
UNANNOUNCED,1,0,0,0,0,0,0
UNANTICIPATED,1,0,0,0,0,0,0
UNAPPEALABLE,0,0,0,1,0,0,0
UNAPPEALED,0,0,0,1,0,0,0
UNAPPROVED,1,0,0,0,0,0,0
UNATTRACTIVE,1,0,0,0,0,0,0
UNAUTHORIZED,1,0,0,0,0,0,0
UNAVAILABILITY,1,0,0,0,0,0,1
UNAVAILABLE,1,0,0,0,0,0,1
UNAVOIDABLE,1,0,0,0,0,0,0
UNAVOIDABLY,1,0,0,0,0,0,0
UNAWARE,1,0,0,0,0,0,0
UNCERTAIN,0,0,1,0,0,1,0
UNCERTAINLY,0,0,1,0,0,1,0
UNCERTAINTIES,0,0,1,0,0,0,0
UNCERTAINTY,0,0,1,0,0,0,0
UNCLEAR,0,0,1,0,0,0,0
UNCOLLECTABLE,1,0,0,0,0,0,0
UNCOLLECTED,1,0,0,0,0,0,0
UNCOLLECTIBILITY,1,0,0,0,0,0,0
UNCOLLECTIBLE,1,0,0,0,0,0,0
UNCOLLECTIBLES,1,0,0,0,0,0,0
UNCOMPETITIVE,1,0,0,0,0,0,0
UNCOMPLETED,1,0,0,0,0,0,0
UNCOMPROMISING,0,0,0,0,1,0,0
UNCONFIRMED,0,0,1,0,0,0,0
UNCONSCIONABLE,1,0,0,0,0,0,0
UNCONSCIONABLY,1,0,0,0,0,0,0
UNCONSTITUTIONAL,0,0,0,1,0,0,0
UNCONSTITUTIONALITY,0,0,0,1,0,0,0
UNCONSTITUTIONALLY,0,0,0,1,0,0,0
UNCONTRACTED,0,0,0,1,0,0,0
UNCONTROLLABLE,1,0,0,0,0,0,0
UNCONTROLLABLY,1,0,0,0,0,0,0
UNCONTROLLED,1,0,0,0,0,0,0
UNCORRECTED,1,0,0,0,0,0,0
UNCOVER,1,0,0,0,0,0,0
UNCOVERED,1,0,0,0,0,0,0
UNCOVERING,1,0,0,0,0,0,0
UNCOVERS,1,0,0,0,0,0,0
UNDECIDED,0,0,1,0,0,0,0
UNDEFEASED,0,0,0,1,0,0,0
UNDEFINED,0,0,1,0,0,0,0
UNDELIVERABLE,1,0,0,0,0,0,0
UNDELIVERED,1,0,0,0,0,0,0
UNDERCAPITALIZED,1,0,0,0,0,0,0
UNDERCUT,1,0,0,0,0,0,0
UNDERCUTS,1,0,0,0,0,0,0
UNDERCUTTING,1,0,0,0,0,0,0
UNDERESTIMATE,1,0,0,0,0,0,0
UNDERESTIMATED,1,0,0,0,0,0,0
UNDERESTIMATES,1,0,0,0,0,0,0
UNDERESTIMATING,1,0,0,0,0,0,0
UNDERESTIMATION,1,0,0,0,0,0,0
UNDERFUNDED,1,0,0,0,0,0,0
UNDERINSURED,1,0,0,0,0,0,0
UNDERMINE,1,0,0,0,0,0,0
UNDERMINED,1,0,0,0,0,0,0
UNDERMINES,1,0,0,0,0,0,0
UNDERMINING,1,0,0,0,0,0,0
UNDERPAID,1,0,0,0,0,0,0
UNDERPAYMENT,1,0,0,0,0,0,0
UNDERPAYMENTS,1,0,0,0,0,0,0
UNDERPAYS,1,0,0,0,0,0,0
UNDERPERFORM,1,0,0,0,0,0,0
UNDERPERFORMANCE,1,0,0,0,0,0,0
UNDERPERFORMED,1,0,0,0,0,0,0
UNDERPERFORMING,1,0,0,0,0,0,0
UNDERPERFORMS,1,0,0,0,0,0,0
UNDERPRODUCED,1,0,0,0,0,0,0
UNDERPRODUCTION,1,0,0,0,0,0,0
UNDERREPORTING,1,0,0,0,0,0,0
UNDERSTATE,1,0,0,0,0,0,0
UNDERSTATED,1,0,0,0,0,0,0
UNDERSTATEMENT,1,0,0,0,0,0,0
UNDERSTATEMENTS,1,0,0,0,0,0,0
UNDERSTATES,1,0,0,0,0,0,0
UNDERSTATING,1,0,0,0,0,0,0
UNDERUTILIZATION,1,0,0,0,0,0,0
UNDERUTILIZED,1,0,0,0,0,0,0
UNDESIGNATED,0,0,1,0,0,0,0
UNDESIRABLE,1,0,0,0,0,0,0
UNDESIRED,1,0,0,0,0,0,0
UNDETECTABLE,0,0,1,0,0,0,0
UNDETECTED,1,0,0,0,0,0,0
UNDETERMINABLE,0,0,1,0,0,0,0
UNDETERMINED,1,0,1,0,0,0,0
UNDISCHARGED,0,0,0,1,0,0,0
UNDISCLOSED,1,0,0,0,0,0,0
UNDISPUTED,0,0,0,0,1,0,0
UNDOCUMENTED,1,0,1,0,0,0,0
UNDOUBTEDLY,0,0,0,0,1,0,0
UNDUE,1,0,0,0,0,0,0
UNDULY,1,0,0,0,0,0,0
UNECONOMIC,1,0,0,0,0,0,0
UNECONOMICAL,1,0,0,0,0,0,0
UNECONOMICALLY,1,0,0,0,0,0,0
UNEMPLOYED,1,0,0,0,0,0,0
UNEMPLOYMENT,1,0,0,0,0,0,0
UNENCUMBER,0,0,0,1,0,0,0
UNENCUMBERED,0,0,0,1,0,0,0
UNENFORCEABILITY,0,0,0,1,0,0,0
UNENFORCEABLE,0,0,0,1,0,0,0
UNEQUIVOCAL,0,0,0,0,1,0,0
UNEQUIVOCALLY,0,0,0,0,1,0,0
UNETHICAL,1,0,0,0,0,0,0
UNETHICALLY,1,0,0,0,0,0,0
UNEXCUSED,1,0,0,0,0,0,0
UNEXPECTED,1,0,1,0,0,0,0
UNEXPECTEDLY,1,0,1,0,0,0,0
UNFAIR,1,0,0,0,0,0,0
UNFAIRLY,1,0,0,0,0,0,0
UNFAMILIAR,0,0,1,0,0,0,0
UNFAMILIARITY,0,0,1,0,0,0,0
UNFAVORABILITY,1,0,0,0,0,0,0
UNFAVORABLE,1,0,0,0,0,0,0
UNFAVORABLY,1,0,0,0,0,0,0
UNFAVOURABLE,1,0,0,0,0,0,0
UNFEASIBLE,1,0,0,0,0,0,0
UNFIT,1,0,0,0,0,0,0
UNFITNESS,1,0,0,0,0,0,0
UNFORECASTED,0,0,1,0,0,0,0
UNFORESEEABLE,1,0,0,0,0,0,0
UNFORESEEN,1,0,0,0,0,0,0
UNFORSEEN,1,0,1,0,0,0,0
UNFORTUNATE,1,0,0,0,0,0,0
UNFORTUNATELY,1,0,0,0,0,0,0
UNFOUNDED,1,0,0,0,0,0,0
UNFRIENDLY,1,0,0,0,0,0,0
UNFULFILLED,1,0,0,0,0,0,0
UNFUNDED,1,0,0,0,0,0,0
UNGUARANTEED,0,0,1,0,0,0,0
UNHEDGED,0,0,1,0,0,0,0
UNIDENTIFIABLE,0,0,1,0,0,0,0
UNIDENTIFIED,0,0,1,0,0,0,0
UNINSURED,1,0,0,0,0,0,0
UNINTENDED,1,0,0,0,0,0,0
UNINTENTIONAL,1,0,0,0,0,0,0
UNINTENTIONALLY,1,0,0,0,0,0,0
UNJUST,1,0,0,0,0,0,0
UNJUSTIFIABLE,1,0,0,0,0,0,0
UNJUSTIFIABLY,1,0,0,0,0,0,0
UNJUSTIFIED,1,0,0,0,0,0,0
UNJUSTLY,1,0,0,0,0,0,0
UNKNOWING,1,0,0,0,0,0,0
UNKNOWINGLY,1,0,0,0,0,0,0
UNKNOWN,0,0,1,0,0,0,0
UNKNOWNS,0,0,1,0,0,0,0
UNLAWFUL,1,0,0,1,0,0,0
UNLAWFULLY,1,0,0,1,0,0,0
UNLAWFULNESS,0,0,0,1,0,0,0
UNLICENSED,1,0,0,0,0,0,0
UNLIQUIDATED,1,0,0,0,0,0,0
UNMARKETABLE,1,0,0,0,0,0,0
UNMATCHED,0,1,0,0,0,0,0
UNMERCHANTABLE,1,0,0,0,0,0,0
UNMERITORIOUS,1,0,0,0,0,0,0
UNNECESSARILY,1,0,0,0,0,0,0
UNNECESSARY,1,0,0,0,0,0,0
UNNEEDED,1,0,0,0,0,0,0
UNOBSERVABLE,0,0,1,0,0,0,0
UNOBTAINABLE,1,0,0,0,0,0,0
UNOCCUPIED,1,0,0,0,0,0,0
UNPAID,1,0,0,0,0,0,0
UNPARALLELED,0,1,0,0,1,0,0
UNPERFORMED,1,0,0,0,0,0,0
UNPLANNED,1,0,1,0,0,0,0
UNPOPULAR,1,0,0,0,0,0,0
UNPREDICTABILITY,1,0,1,0,0,0,0
UNPREDICTABLE,1,0,1,0,0,0,0
UNPREDICTABLY,1,0,1,0,0,0,0
UNPREDICTED,1,0,1,0,0,0,0
UNPRODUCTIVE,1,0,0,0,0,0,0
UNPROFITABILITY,1,0,0,0,0,0,0
UNPROFITABLE,1,0,0,0,0,0,0
UNPROVED,0,0,1,0,0,0,0
UNPROVEN,0,0,1,0,0,0,0
UNQUALIFIED,1,0,0,0,0,0,0
UNQUANTIFIABLE,0,0,1,0,0,0,0
UNQUANTIFIED,0,0,1,0,0,0,0
UNREALISTIC,1,0,0,0,0,0,0
UNREASONABLE,1,0,0,0,0,0,0
UNREASONABLENESS,1,0,0,0,0,0,0
UNREASONABLY,1,0,0,0,0,0,0
UNRECEPTIVE,1,0,0,0,0,0,0
UNRECONCILED,0,0,1,0,0,0,0
UNRECOVERABLE,1,0,0,0,0,0,0
UNRECOVERED,1,0,0,0,0,0,0
UNREIMBURSED,1,0,0,0,0,0,0
UNRELIABLE,1,0,0,0,0,0,0
UNREMEDIATED,0,0,0,1,0,0,0
UNREMEDIED,1,0,0,0,0,0,0
UNREPORTED,1,0,0,0,0,0,0
UNRESOLVED,1,0,0,0,0,0,0
UNREST,1,0,0,0,0,0,0
UNSAFE,1,0,0,0,0,0,0
UNSALABLE,1,0,0,0,0,0,0
UNSALEABLE,1,0,0,0,0,0,0
UNSATISFACTORY,1,0,0,0,0,0,0
UNSATISFIED,1,0,0,0,0,0,0
UNSAVORY,1,0,0,0,0,0,0
UNSCHEDULED,1,0,0,0,0,0,0
UNSEASONABLE,0,0,1,0,0,0,0
UNSEASONABLY,0,0,1,0,0,0,0
UNSELLABLE,1,0,0,0,0,0,0
UNSETTLED,0,0,1,0,0,0,0
UNSOLD,1,0,0,0,0,0,0
UNSOUND,1,0,0,0,0,0,0
UNSPECIFIC,0,0,1,0,0,0,0
UNSPECIFIED,0,0,1,0,0,0,0
UNSTABILIZED,1,0,0,0,0,0,0
UNSTABLE,1,0,0,0,0,0,0
UNSTAYED,0,0,0,1,0,0,0
UNSUBSTANTIATED,1,0,0,0,0,0,0
UNSUCCESSFUL,1,0,0,0,0,0,0
UNSUCCESSFULLY,1,0,0,0,0,0,0
UNSUITABILITY,1,0,0,0,0,0,0
UNSUITABLE,1,0,0,0,0,0,0
UNSUITABLY,1,0,0,0,0,0,0
UNSUITED,1,0,0,0,0,0,0
UNSURE,1,0,0,0,0,0,0
UNSURPASSED,0,1,0,0,1,0,0
UNSUSPECTED,1,0,0,0,0,0,0
UNSUSPECTING,1,0,0,0,0,0,0
UNSUSTAINABLE,1,0,0,0,0,0,0
UNTENABLE,1,0,0,0,0,0,0
UNTESTED,0,0,1,0,0,0,0
UNTIMELY,1,0,0,0,0,0,0
UNTO,0,0,0,1,0,0,0
UNTRUSTED,1,0,0,0,0,0,0
UNTRUTH,1,0,0,0,0,0,0
UNTRUTHFUL,1,0,0,0,0,0,0
UNTRUTHFULLY,1,0,0,0,0,0,0
UNTRUTHFULNESS,1,0,0,0,0,0,0
UNTRUTHS,1,0,0,0,0,0,0
UNUSABLE,1,0,0,0,0,0,0
UNUSUAL,0,0,1,0,0,0,0
UNUSUALLY,0,0,1,0,0,0,0
UNWANTED,1,0,0,0,0,0,0
UNWARRANTED,1,0,0,0,0,0,0
UNWELCOME,1,0,0,0,0,0,0
UNWILLING,1,0,0,0,0,0,0
UNWILLINGNESS,1,0,0,0,0,0,0
UNWRITTEN,0,0,1,0,0,0,0
UPSET,1,0,0,0,0,0,0
UPTURN,0,1,0,0,0,0,0
UPTURNS,0,1,0,0,0,0,0
URGENCY,1,0,0,0,0,0,0
URGENT,1,0,0,0,0,0,0
USURIOUS,1,0,0,1,0,0,0
USURP,1,0,0,1,0,0,0
USURPATION,0,0,0,1,0,0,0
USURPED,1,0,0,1,0,0,0
USURPING,1,0,0,1,0,0,0
USURPS,1,0,0,1,0,0,0
USURY,1,0,0,1,0,0,0
VAGARIES,0,0,1,0,0,0,0
VAGUE,0,0,1,0,0,0,0
VAGUELY,0,0,1,0,0,0,0
VAGUENESS,0,0,1,0,0,0,0
VAGUENESSES,0,0,1,0,0,0,0
VAGUER,0,0,1,0,0,0,0
VAGUEST,0,0,1,0,0,0,0
VALUABLE,0,1,0,0,0,0,0
VANDALISM,1,0,0,0,0,0,0
VARIABILITY,0,0,1,0,0,0,0
VARIABLE,0,0,1,0,0,0,0
VARIABLES,0,0,1,0,0,0,0
VARIABLY,0,0,1,0,0,0,0
VARIANCE,0,0,1,0,0,0,0
VARIANCES,0,0,1,0,0,0,0
VARIANT,0,0,1,0,0,0,0
VARIANTS,0,0,1,0,0,0,0
VARIATION,0,0,1,0,0,0,0
VARIATIONS,0,0,1,0,0,0,0
VARIED,0,0,1,0,0,0,0
VARIES,0,0,1,0,0,0,0
VARY,0,0,1,0,0,0,0
VARYING,0,0,1,0,0,0,0
VENDEE,0,0,0,1,0,0,0
VENDEES,0,0,0,1,0,0,0
VERDICT,1,0,0,1,0,0,0
VERDICTS,1,0,0,1,0,0,0
VERSATILE,0,1,0,0,0,0,0
VERSATILITY,0,1,0,0,0,0,0
VETOED,1,0,0,0,0,0,0
VIATICAL,0,0,0,1,0,0,0
VIBRANCY,0,1,0,0,0,0,0
VIBRANT,0,1,0,0,0,0,0
VICTIMS,1,0,0,0,0,0,0
VIOLATE,1,0,0,0,0,0,0
VIOLATED,1,0,0,0,0,0,0
VIOLATES,1,0,0,0,0,0,0
VIOLATING,1,0,0,0,0,0,0
VIOLATION,1,0,0,0,0,0,0
VIOLATIONS,1,0,0,0,0,0,0
VIOLATIVE,1,0,0,1,0,0,0
VIOLATOR,1,0,0,0,0,0,0
VIOLATORS,1,0,0,0,0,0,0
VIOLENCE,1,0,0,0,0,0,0
VIOLENT,1,0,0,0,0,0,0
VIOLENTLY,1,0,0,0,0,0,0
VITIATE,1,0,0,0,0,0,0
VITIATED,1,0,0,0,0,0,0
VITIATES,1,0,0,0,0,0,0
VITIATING,1,0,0,0,0,0,0
VITIATION,1,0,0,0,0,0,0
VOIDABLE,0,0,0,1,0,0,0
VOIDED,1,0,0,1,0,0,0
VOIDING,1,0,0,1,0,0,0
VOLATILE,1,0,1,0,0,0,0
VOLATILITIES,0,0,1,0,0,0,0
VOLATILITY,1,0,1,0,0,0,0
VULNERABILITIES,1,0,0,0,0,0,0
VULNERABILITY,1,0,0,0,0,0,0
VULNERABLE,1,0,0,0,0,0,0
VULNERABLY,1,0,0,0,0,0,0
WARN,1,0,0,0,0,0,0
WARNED,1,0,0,0,0,0,0
WARNING,1,0,0,0,0,0,0
WARNINGS,1,0,0,0,0,0,0
WARNS,1,0,0,0,0,0,0
WARRANTEES,0,0,0,1,0,0,0
WARRANTOR,0,0,0,1,0,0,0
WASTED,1,0,0,0,0,0,0
WASTEFUL,1,0,0,0,0,0,0
WASTING,1,0,0,0,0,0,0
WEAK,1,0,0,0,0,0,0
WEAKEN,1,0,0,0,0,0,0
WEAKENED,1,0,0,0,0,0,0
WEAKENING,1,0,0,0,0,0,0
WEAKENS,1,0,0,0,0,0,0
WEAKER,1,0,0,0,0,0,0
WEAKEST,1,0,0,0,0,0,0
WEAKLY,1,0,0,0,0,0,0
WEAKNESS,1,0,0,0,0,0,0
WEAKNESSES,1,0,0,0,0,0,0
WHATEVER,0,0,0,1,0,0,0
WHATSOEVER,0,0,0,1,0,0,0
WHENSOEVER,0,0,0,1,0,0,0
WHEREABOUTS,0,0,0,1,0,0,0
WHEREAS,0,0,0,1,0,0,0
WHEREAT,0,0,0,1,0,0,0
WHEREBY,0,0,0,1,0,0,0
WHEREFORE,0,0,0,1,0,0,0
WHEREIN,0,0,0,1,0,0,0
WHEREOF,0,0,0,1,0,0,0
WHEREON,0,0,0,1,0,0,0
WHERETO,0,0,0,1,0,0,0
WHEREUNDER,0,0,0,1,0,0,0
WHEREUPON,0,0,0,1,0,0,0
WHEREWITH,0,0,0,1,0,0,0
WHISTLEBLOWERS,0,0,0,1,0,0,0
WHOMEVER,0,0,0,1,0,0,0
WHOMSOEVER,0,0,0,1,0,0,0
WHOSOEVER,0,0,0,1,0,0,0
WILFUL,0,0,0,1,0,0,0
WILL,0,0,0,0,1,0,0
WILLFUL,0,0,0,1,0,0,0
WILLFULLY,1,0,0,1,0,0,0
WILLFULNESS,0,0,0,1,0,0,0
WIN,0,1,0,0,0,0,0
WINNER,0,1,0,0,0,0,0
WINNERS,0,1,0,0,0,0,0
WINNING,0,1,0,0,0,0,0
WITNESS,0,0,0,1,0,0,0
WITNESSES,0,0,0,1,0,0,0
WORRIES,1,0,0,0,0,0,0
WORRY,1,0,0,0,0,0,0
WORRYING,1,0,0,0,0,0,0
WORSE,1,0,0,0,0,0,0
WORSEN,1,0,0,0,0,0,0
WORSENED,1,0,0,0,0,0,0
WORSENING,1,0,0,0,0,0,0
WORSENS,1,0,0,0,0,0,0
WORST,1,0,0,0,0,0,0
WORTHLESS,1,0,0,0,0,0,0
WORTHY,0,1,0,0,0,0,0
WRIT,0,0,0,1,0,0,0
WRITEDOWN,1,0,0,0,0,0,0
WRITEDOWNS,1,0,0,0,0,0,0
WRITEOFF,1,0,0,0,0,0,0
WRITEOFFS,1,0,0,0,0,0,0
WRITS,0,0,0,1,0,0,0
WRONG,1,0,0,0,0,0,0
WRONGDOING,1,0,0,0,0,0,0
WRONGDOINGS,1,0,0,0,0,0,0
WRONGFUL,1,0,0,0,0,0,0
WRONGFULLY,1,0,0,0,0,0,0
WRONGLY,1,0,0,0,0,0,0
FALSE,1,0,0,0,0,0,0
