Month / Year,Average Compound,Average Polarity,Average Subjectivity,Average lm_score,EOM,VALUES,VLOOKUP,check,UK Core inflation (%),UK Unemployment (%),UK Average Weekly earnings growth (%),UK GDP growth (%),UK benchmark rate (%),UK Economic Inactivity rate (%),UK house price index mom (%)
Sep-98,0.9925,0.083288455,0.435206215,-0.212121212,Sep-98,Sep-98,Sep-98,TRUE,1.3,6.2,#N/A,0.1,7.5,23.6,0.3
Oct-98,0.99915,0.084071446,0.381859382,-0.16372907,Oct-98,Oct-98,Oct-98,TRUE,1.2,6.2,#N/A,0.5,7.5,23.6,1
Nov-98,0.998033333,0.081633318,0.42914431,-0.316235776,Nov-98,Nov-98,Nov-98,TRUE,1.1,6.1,#N/A,0.2,7.25,23.5,-0.1
Dec-98,0.9994,0.07917237,0.411767204,-0.348099356,Dec-98,Dec-98,Dec-98,TRUE,1.2,6.2,#N/A,0.3,6.75,23.5,-0.2
Jan-99,0.9976,0.086974717,0.395354671,-0.266016811,Jan-99,Jan-99,Jan-99,TRUE,1.2,6.2,#N/A,0.2,6.25,23.3,0.7
Feb-99,0.99945,0.088004656,0.403372805,-0.060952339,Feb-99,Feb-99,Feb-99,TRUE,1,6.2,#N/A,0.1,6,23.3,0.5
Mar-99,0.99975,0.102209193,0.42320964,0.032467532,Mar-99,Mar-99,Mar-99,TRUE,0.9,6.2,#N/A,0.2,5.5,23.4,1.3
May-99,0.99972,0.095277085,0.410692378,0.034791291,May-99,May-99,May-99,TRUE,0.8,6,#N/A,0.9,5.25,23.5,2.2
Jun-99,0.999466667,0.109327142,0.406826046,0.137608886,Jun-99,Jun-99,Jun-99,TRUE,0.8,6,#N/A,0.2,5.25,23.4,1.4
Aug-99,-0.1476,0.055358221,0.364741087,-0.654952077,Aug-99,Aug-99,Aug-99,TRUE,0.7,5.9,#N/A,0.3,5,23.4,1.3
Sep-99,0.9993,0.072702588,0.429427007,-0.328787084,Sep-99,Sep-99,Sep-99,TRUE,0.5,5.8,#N/A,0.5,5,23.3,1.5
Oct-99,0.994633333,0.08834806,0.404242898,-0.032635612,Oct-99,Oct-99,Oct-99,TRUE,0.5,5.8,#N/A,0.9,5.25,23.4,1.9
Nov-99,0.00025,0.089313376,0.384851929,-0.29220586,Nov-99,Nov-99,Nov-99,TRUE,0.4,5.8,#N/A,0.6,5.25,23.3,0.6
Dec-99,0.991425,0.100838531,0.420701014,-0.221009336,Dec-99,Dec-99,Dec-99,TRUE,0.3,5.9,#N/A,-0.2,5.5,23.2,2.8
Jan-00,0.999533333,0.11081602,0.39550122,0.007596996,Jan-00,Jan-00,Jan-00,TRUE,0.1,5.8,#N/A,1.3,5.5,23.3,0.7
Feb-00,0.99976,0.111022039,0.418546923,0.039190902,Feb-00,Feb-00,Feb-00,TRUE,0.2,5.8,#N/A,-0.1,5.75,23.3,0.3
Mar-00,0.99935,0.09889209,0.440522833,0.087556955,Mar-00,Mar-00,Mar-00,TRUE,0.1,5.7,#N/A,-0.5,6,23.2,0.6
Apr-00,0.999,0.097191125,0.424481704,-0.118376147,Apr-00,Apr-00,Apr-00,TRUE,0,5.6,#N/A,0.4,6,23.2,0.9
May-00,0.999825,0.107428879,0.439249172,-0.02233008,May-00,May-00,May-00,TRUE,0,5.5,#N/A,0.8,6,23.2,0.3
Jun-00,0.999475,0.1314824,0.427976257,0.159719948,Jun-00,Jun-00,Jun-00,TRUE,-0.1,5.3,#N/A,0.7,6,23.3,0.1
Jul-00,0.9992,0.132588221,0.421418686,0.209680829,Jul-00,Jul-00,Jul-00,TRUE,-0.1,5.3,#N/A,-0.7,6,23.3,0.7
Aug-00,0.9997,0.130498248,0.433193778,0.089189445,Aug-00,Aug-00,Aug-00,TRUE,0,5.3,#N/A,1,6,23.3,-0.5
Sep-00,0.02705,0.119569464,0.396169891,-0.064619707,Sep-00,Sep-00,Sep-00,TRUE,0.1,5.4,#N/A,-0.1,6,23.2,2.2
Oct-00,0.999033333,0.161251851,0.469559431,0.244025566,Oct-00,Oct-00,Oct-00,TRUE,0.3,5.3,#N/A,0.1,6,23.3,0.2
Nov-00,0.996733333,0.098873776,0.412601873,-0.096281197,Nov-00,Nov-00,Nov-00,TRUE,0.2,5.2,#N/A,0.4,6,23.5,0.7
Jan-01,0.9997,0.109255744,0.409630039,-0.058305183,Jan-01,Jan-01,Jan-01,TRUE,0.5,5.2,#N/A,0.2,6,23.3,1
Feb-01,0.998966667,0.100302086,0.437040608,-0.207906827,Feb-01,Feb-01,Feb-01,TRUE,0.4,5.1,#N/A,0,6,23.3,1.2
Mar-01,0.9991,0.096605141,0.461280492,-0.080212463,Mar-01,Mar-01,Mar-01,TRUE,0.5,5,6.1,0.8,5.75,23.4,1
Apr-01,0.999566667,0.10415574,0.401823405,0.060904293,Apr-01,Apr-01,Apr-01,TRUE,0.9,4.9,6.2,-0.4,5.75,23.4,1.8
May-01,0.9026,0.098541952,0.418890456,-0.162198703,May-01,May-01,May-01,TRUE,1.1,5,5.1,0.2,5.5,23.5,0.7
Jun-01,0.335633333,0.091212447,0.399131629,-0.307617432,Jun-01,Jun-01,Jun-01,TRUE,1.3,5,5.5,0.4,5.25,23.4,1.6
Jul-01,0.99915,0.099293544,0.403721292,-0.457258436,Jul-01,Jul-01,Jul-01,TRUE,1.5,5.1,5.2,-0.1,5.25,23.5,0.7
Aug-01,0.7993,0.130776006,0.354473769,-0.130434783,Aug-01,Aug-01,Aug-01,TRUE,1.8,5.1,5.3,0.2,5.25,23.5,1.1
Sep-01,0.20354,0.09303005,0.43873764,-0.224057953,Sep-01,Sep-01,Sep-01,TRUE,1.3,5.1,4.8,-0.1,5,23.5,1
Oct-01,0.530425,0.088533686,0.42744137,-0.194954879,Oct-01,Oct-01,Oct-01,TRUE,1.1,5.1,4.8,0.2,4.75,23.5,0.5
Nov-01,0.995025,0.099315226,0.403508653,-0.024462604,Nov-01,Nov-01,Nov-01,TRUE,1.1,5.2,4.6,0,4.5,23.4,1.3
Dec-01,0.9999,0.119135837,0.415054599,-0.194726166,Dec-01,Dec-01,Dec-01,TRUE,1.4,5.2,4.2,0,4,23.4,1.8
Jan-02,0.999133333,0.150639775,0.43673844,0.269493844,Jan-02,Jan-02,Jan-02,TRUE,1.7,5.1,3.8,0.3,4,23.5,2.2
Feb-02,0.998966667,0.108378887,0.43791832,0.031398093,Feb-02,Feb-02,Feb-02,TRUE,1.6,5.2,3.2,-0.2,4,23.6,1.6
Mar-02,0.995125,0.095421585,0.411233326,-0.230879321,Mar-02,Mar-02,Mar-02,TRUE,1.6,5.2,3,0.3,4,23.6,0.5
Apr-02,0.997625,0.091467397,0.412122284,-0.090517178,Apr-02,Apr-02,Apr-02,TRUE,1.4,5.2,3,0.8,4,23.4,2.1
May-02,0.99875,0.083821783,0.42329411,-0.144125447,May-02,May-02,May-02,TRUE,1.3,5.2,3.3,0.5,4,23.3,2.5
Jun-02,0.99975,0.096354186,0.403096677,0.074227755,Jun-02,Jun-02,Jun-02,TRUE,1.3,5.2,3.7,-2.3,4,23.3,1.9
Sep-02,0.99945,0.10989435,0.430027275,-0.103340246,Sep-02,Sep-02,Sep-02,TRUE,1.2,5.2,3.4,0.4,4,23.3,1.7
Oct-02,0.99905,0.071329253,0.43443437,-0.184717557,Oct-02,Oct-02,Oct-02,TRUE,1.6,5.2,3.1,0.1,4,23.2,2.1
Nov-02,0.999625,0.093624547,0.409239633,-0.076167916,Nov-02,Nov-02,Nov-02,TRUE,1.6,5.1,3,0.2,4,23.2,1.9
Dec-02,0.499475,0.104985263,0.413537043,-0.114743331,Dec-02,Dec-02,Dec-02,TRUE,1.7,5,2.8,0.2,4,23.2,1.9
Jan-03,0.99935,0.080078297,0.407529736,-0.137170522,Jan-03,Jan-03,Jan-03,TRUE,1.5,5.1,2.5,0.4,4,23.4,0.5
Feb-03,0.9984,0.060584905,0.404850226,-0.266375546,Feb-03,Feb-03,Feb-03,TRUE,1.7,5.2,2.2,0.4,4,23.4,1.3
Mar-03,0.99955,0.121015152,0.423951637,-0.136394324,Mar-03,Mar-03,Mar-03,TRUE,1.5,5.1,2.8,-0.2,3.75,23.3,1.4
Jun-03,0.9998,0.136195411,0.427838654,0.321494567,Jun-03,Jun-03,Jun-03,TRUE,1,5.1,2.7,0.7,3.75,23.3,1.3
Jul-03,0.983,0.081405986,0.426178825,-0.568627451,Jul-03,Jul-03,Jul-03,TRUE,1.3,5.1,2.7,0.4,3.75,23.2,1
Aug-03,0.9999,0.087045633,0.390184502,-0.385321101,Aug-03,Aug-03,Aug-03,TRUE,1.2,5,2.9,0.1,3.5,23.3,1.3
Sep-03,-0.9934,0.071341296,0.414674805,-0.206896552,Sep-03,Sep-03,Sep-03,TRUE,1.3,5,3.3,0.5,3.5,23.3,1.1
Oct-03,0.9997,0.088736236,0.41760906,0.047459893,Oct-03,Oct-03,Oct-03,TRUE,1.2,4.9,3.7,0.5,3.5,23.3,2.3
Nov-03,0.9991,0.081692175,0.395747912,-0.271859327,Nov-03,Nov-03,Nov-03,TRUE,1.1,4.9,3.9,-0.4,3.5,23.4,0.5
Jan-04,0.99825,0.080420946,0.395124635,-0.170761995,Jan-04,Jan-04,Jan-04,TRUE,1.2,4.8,5.1,-0.2,3.75,23.3,0.6
Feb-04,0.9999,0.095860876,0.454815978,0.018867925,Feb-04,Feb-04,Feb-04,TRUE,1.1,4.8,4.9,0.1,3.75,23.2,1.7
Mar-04,0.3311,0.100979127,0.395991337,-0.344343417,Mar-04,Mar-04,Mar-04,TRUE,1,4.8,4.7,0.2,4,23.2,1.8
Apr-04,0.00985,0.088389283,0.451306154,-0.156352045,Apr-04,Apr-04,Apr-04,TRUE,1,4.8,3.7,-0.2,4,23.3,1.7
Jun-04,0.99945,0.083674933,0.412960608,0.29869281,Jun-04,Jun-04,Jun-04,TRUE,1.3,4.8,4.2,0.2,4.25,23.4,1.4
Jul-04,0.999333333,0.095165285,0.412006775,-0.112912575,Jul-04,Jul-04,Jul-04,TRUE,1.2,4.7,4.1,-0.1,4.5,23.5,1
Aug-04,0.9997,0.084993542,0.420791879,-0.365079365,Aug-04,Aug-04,Aug-04,TRUE,1.1,4.7,4.1,-0.2,4.5,23.5,-0.1
Sep-04,0.99955,0.108811753,0.391071487,0.285714286,Sep-04,Sep-04,Sep-04,TRUE,0.9,4.7,4.1,0.3,4.75,23.5,0.5
Oct-04,0.99795,0.043442202,0.424836704,-0.038728186,Oct-04,Oct-04,Oct-04,TRUE,0.9,4.7,4.2,0.4,4.75,23.5,1.4
Nov-04,0.9978,0.107129756,0.415975936,-0.057285307,Nov-04,Nov-04,Nov-04,TRUE,1.1,4.7,4.2,0.1,4.75,23.4,-0.4
Dec-04,0.8186,0.05967216,0.444575023,-0.36969697,Dec-04,Dec-04,Dec-04,TRUE,1.3,4.7,4.3,0,4.75,23.3,0.3
Jan-05,0.9989,0.068241204,0.408098749,-0.115143003,Jan-05,Jan-05,Jan-05,TRUE,1.3,4.8,4.2,1,4.75,23.2,0.6
Feb-05,0.998566667,0.085963549,0.4022277,-0.132455643,Feb-05,Feb-05,Feb-05,TRUE,1.2,4.7,4.6,-0.1,4.75,23.1,-0.5
Mar-05,0.9994,0.103810848,0.430389854,-0.054870227,Mar-05,Mar-05,Mar-05,TRUE,1.4,4.7,4.5,-0.5,4.75,23.3,0.4
May-05,0.9988,0.085836651,0.412792486,-0.154950746,May-05,May-05,May-05,TRUE,1.5,4.8,4.3,-0.5,4.75,23.4,0.2
Jun-05,0.992733333,0.089509643,0.443238107,-0.11466995,Jun-05,Jun-05,Jun-05,TRUE,1.5,4.7,4.5,0.6,4.75,23.4,0.4
Aug-05,0.9917,0.131466318,0.484238269,-0.159061278,Aug-05,Aug-05,Aug-05,TRUE,1.8,4.7,4.8,0,4.75,23.3,1.3
Sep-05,0.99705,0.086669782,0.40845782,-0.073593074,Sep-05,Sep-05,Sep-05,TRUE,1.7,4.9,5,0.5,4.5,23.3,0.3
Oct-05,0.996533333,0.079357665,0.433855295,-0.105473856,Oct-05,Oct-05,Oct-05,TRUE,1.7,5.1,4.8,-0.1,4.5,23.3,0.3
Nov-05,0.9997,0.113270073,0.446364598,-0.055555556,Nov-05,Nov-05,Nov-05,TRUE,1.5,5.1,4.7,1,4.5,23.3,0.8
Dec-05,0.9997,0.1200104,0.480508542,-0.136363636,Dec-05,Dec-05,Dec-05,TRUE,1.3,5.1,4.6,0.8,4.5,23.3,0.6
Jan-06,0.99925,0.093062888,0.407542477,-0.087157756,Jan-06,Jan-06,Jan-06,TRUE,1.3,5.2,4.2,-0.4,4.5,23.3,0.3
Feb-06,0.0006,0.08762386,0.407799951,-0.194830617,Feb-06,Feb-06,Feb-06,TRUE,1.4,5.2,4.4,-0.1,4.5,23.2,1.1
Mar-06,0.00085,0.054652407,0.422929563,-0.138628011,Mar-06,Mar-06,Mar-06,TRUE,1.3,5.3,4.9,0.4,4.5,23,0.3
Apr-06,0.9998,0.0412091,0.334667284,-0.361111111,Apr-06,Apr-06,Apr-06,TRUE,1.3,5.4,5.3,-0.4,4.5,22.9,1.5
May-06,0.99905,0.086783405,0.404081166,-0.088180905,May-06,May-06,May-06,TRUE,1.1,5.5,5,0.5,4.5,23,0
Jun-06,0.99955,0.077836745,0.438109368,-0.051282051,Jun-06,Jun-06,Jun-06,TRUE,1.2,5.5,4.9,0.2,4.5,22.9,-0.3
Jul-06,0.99905,0.110777771,0.402773459,0.021543227,Jul-06,Jul-06,Jul-06,TRUE,0.9,5.5,5,-0.5,4.5,22.8,1.5
Aug-06,0.9963,0.085701349,0.451239426,-0.315068493,Aug-06,Aug-06,Aug-06,TRUE,1.1,5.5,4.7,0.3,4.5,22.7,0.9
Sep-06,0.0006,0.089120151,0.394298922,-0.230694354,Sep-06,Sep-06,Sep-06,TRUE,1.4,5.5,4.1,0.3,4.75,22.9,1.5
Oct-06,0.99885,0.10560708,0.437279533,-0.134946657,Oct-06,Oct-06,Oct-06,TRUE,1.4,5.4,4,-0.6,4.75,22.9,1.5
Nov-06,0.99928,0.09049925,0.416664645,-0.043388906,Nov-06,Nov-06,Nov-06,TRUE,1.6,5.5,4.2,0.5,4.75,23,0.9
Dec-06,0.998633333,0.089900379,0.383059424,-0.23187706,Dec-06,Dec-06,Dec-06,TRUE,1.8,5.5,4.9,0.9,5,23,0.1
Jan-07,0.9995,0.10049181,0.435600008,0.069898457,Jan-07,Jan-07,Jan-07,TRUE,1.6,5.5,5.4,0,5,23.1,0.4
Feb-07,0.996566667,0.109124206,0.437750272,-0.161102764,Feb-07,Feb-07,Feb-07,TRUE,1.7,5.5,6.2,0.5,5.25,23.2,1.9
Mar-07,0.999475,0.08953028,0.370389612,0.014014497,Mar-07,Mar-07,Mar-07,TRUE,1.9,5.5,5.8,0.2,5.25,23.2,0.5
Apr-07,0.997,0.086228699,0.416750802,-0.415584416,Apr-07,Apr-07,Apr-07,TRUE,1.8,5.4,5.2,0.3,5.25,23.2,0.9
May-07,0.99945,0.086153412,0.423174199,-0.139284931,May-07,May-07,May-07,TRUE,1.9,5.4,4.5,0.5,5.25,23.1,0.7
Jun-07,0.999725,0.102614369,0.401875388,0.051523227,Jun-07,Jun-07,Jun-07,TRUE,2,5.3,4.5,0.2,5.5,23.2,0.5
Jul-07,0.60022,0.098692311,0.412854527,-0.148103786,Jul-07,Jul-07,Jul-07,TRUE,1.7,5.3,4.6,0.1,5.5,23.2,0.1
Sep-07,-5E-05,0.102835207,0.376520945,-0.251159441,Sep-07,Sep-07,Sep-07,TRUE,1.5,5.2,5.2,0.2,5.75,23.2,-0.1
Oct-07,0.530825,0.083311113,0.416308815,-0.340313322,Oct-07,Oct-07,Oct-07,TRUE,1.5,5.2,5,-0.1,5.75,23.1,-0.2
Nov-07,0.999733333,0.090797661,0.408369715,-0.207431803,Nov-07,Nov-07,Nov-07,TRUE,1.4,5.2,4.9,0.6,5.75,23.1,-0.4
Dec-07,0.9999,0.089527263,0.415770031,-0.279069767,Dec-07,Dec-07,Dec-07,TRUE,1.4,5.2,4.1,0.4,5.75,23.1,0.1
Jan-08,0.7895,0.078960208,0.43182871,-0.500768246,Jan-08,Jan-08,Jan-08,TRUE,1.3,5.2,3.8,0,5.5,23,0.4
Feb-08,0.83626,0.103270783,0.426490114,-0.193983627,Feb-08,Feb-08,Feb-08,TRUE,1.2,5.2,3.5,0.7,5.5,22.9,-1.5
Mar-08,0.9984,0.087869544,0.373523189,-0.114194066,Mar-08,Mar-08,Mar-08,TRUE,1.2,5.3,4.1,-1.1,5.25,23,-1.2
Apr-08,0.999333333,0.086481711,0.410344979,-0.253040288,Apr-08,Apr-08,Apr-08,TRUE,1.4,5.2,4.5,0.9,5.25,22.9,-0.6
Jun-08,0.99825,0.096980843,0.425518732,-0.252621188,Jun-08,Jun-08,Jun-08,TRUE,1.6,5.5,4.2,-0.1,5,22.9,-2.1
Jul-08,0.99962,0.081839817,0.411551514,-0.140834661,Jul-08,Jul-08,Jul-08,TRUE,1.9,5.7,3.7,-0.6,5,22.9,-1.6
Sep-08,0.60424,0.077816902,0.413152697,-0.394327246,Sep-08,Sep-08,Sep-08,TRUE,2.2,6,3.1,-1.2,5,23,-1.6
Oct-08,0.53404,0.081429417,0.41524104,-0.455788418,Oct-08,Oct-08,Oct-08,TRUE,1.9,6.2,3.1,-0.2,5,23.1,-2.5
Nov-08,0.99675,0.074590692,0.389362373,-0.38787755,Nov-08,Nov-08,Nov-08,TRUE,2,6.4,2.8,-1.3,4.5,22.9,-1.4
Dec-08,0.9967,0.087539367,0.404109706,-0.135135135,Dec-08,Dec-08,Dec-08,TRUE,1.1,6.5,2.8,-0.5,3,22.9,-1.3
Jan-09,0.332566667,0.077604386,0.429174407,-0.481597191,Jan-09,Jan-09,Jan-09,TRUE,1.3,6.7,1,-0.9,2,22.7,0.3
Feb-09,0.618933333,0.085053831,0.403534106,-0.426816692,Feb-09,Feb-09,Feb-09,TRUE,1.6,7.1,-1.8,-0.1,1.5,22.8,-1.8
Mar-09,0.59838,0.076803084,0.402164185,-0.359395652,Mar-09,Mar-09,Mar-09,TRUE,1.7,7.3,-2.9,-0.8,1,22.8,-0.4
Apr-09,-0.0001,0.067155854,0.37733451,-0.374418605,Apr-09,Apr-09,Apr-09,TRUE,1.5,7.6,-1.8,0.7,0.5,22.9,0.2
May-09,0.6093,0.122252038,0.439149779,-0.257132684,May-09,May-09,May-09,TRUE,1.6,7.8,0.5,-1,0.5,23,0.5
Jun-09,0.6902,0.095009578,0.414590168,-0.190933252,Jun-09,Jun-09,Jun-09,TRUE,1.6,7.9,1.2,0.4,0.5,23.1,0.6
Jul-09,0.0154,0.095855742,0.379608062,-0.283644682,Jul-09,Jul-09,Jul-09,TRUE,1.8,7.9,0.9,0.5,0.5,23.3,0.6
Aug-09,0.9994,0.074917649,0.416539656,-0.25,Aug-09,Aug-09,Aug-09,TRUE,1.8,7.8,0.8,-0.6,0.5,23.2,1.4
Sep-09,0.9988,0.083800869,0.383492513,-0.202307792,Sep-09,Sep-09,Sep-09,TRUE,1.7,7.9,0.7,0.2,0.5,23.3,1
Oct-09,0.94245,0.052346905,0.408772058,-0.429155592,Oct-09,Oct-09,Oct-09,TRUE,1.8,7.8,0.6,0.2,0.5,23.3,1.2
Nov-09,0.99894,0.097353915,0.400668723,-0.379820554,Nov-09,Nov-09,Nov-09,TRUE,1.9,7.8,0.7,0.1,0.5,23.4,0.2
Dec-09,0.987525,0.078704299,0.41012892,-0.298847834,Dec-09,Dec-09,Dec-09,TRUE,2.8,7.7,0.7,0.5,0.5,23.4,1
Jan-10,0.49965,0.086629805,0.383693366,-0.352775851,Jan-10,Jan-10,Jan-10,TRUE,3.1,7.9,2,-0.8,0.5,23.6,0.5
Feb-10,0.992266667,0.08609194,0.409400327,-0.338017287,Feb-10,Feb-10,Feb-10,TRUE,2.9,8,4.6,1.6,0.5,23.6,-0.2
Mar-10,0.999066667,0.095003617,0.422675534,-0.293575906,Mar-10,Mar-10,Mar-10,TRUE,3,8,5,0.8,0.5,23.6,0.8
Apr-10,-0.9977,0.087831383,0.399360556,-0.429951691,Apr-10,Apr-10,Apr-10,TRUE,3.1,7.9,3.8,-0.3,0.5,23.6,-0.6
May-10,0.9967,0.079710956,0.399849989,-0.333333333,May-10,May-10,May-10,TRUE,2.9,7.9,1.3,0.6,0.5,23.4,0
Jun-10,0.481525,0.07886675,0.40230116,-0.324190224,Jun-10,Jun-10,Jun-10,TRUE,3.1,7.8,1,0,0.5,23.5,0.1
Jul-10,0.5433,0.078573699,0.391538217,-0.293775585,Jul-10,Jul-10,Jul-10,TRUE,2.6,7.8,1.2,0.1,0.5,23.3,-0.1
Aug-10,0.9999,0.115557606,0.401556254,-0.120689655,Aug-10,Aug-10,Aug-10,TRUE,2.8,7.8,1.3,0.2,0.5,23.3,-0.8
Sep-10,0.427642857,0.081194458,0.405770422,-0.235841337,Sep-10,Sep-10,Sep-10,TRUE,2.7,7.9,1.5,0.2,0.5,23.2,-0.5
Oct-10,0.7343,0.093248795,0.412919821,-0.275830683,Oct-10,Oct-10,Oct-10,TRUE,2.7,7.9,1.7,0.4,0.5,23.3,-0.2
Nov-10,0.9283,0.070259996,0.380178206,-0.28670549,Nov-10,Nov-10,Nov-10,TRUE,2.7,7.9,1.8,-0.3,0.5,23.5,0.5
Dec-10,0.998766667,0.076472162,0.42869583,-0.251415077,Dec-10,Dec-10,Dec-10,TRUE,2.9,7.9,1.9,-0.9,0.5,23.5,-0.9
Jan-11,0.016375,0.086980113,0.395964445,-0.234971991,Jan-11,Jan-11,Jan-11,TRUE,3,7.8,2.7,0.5,0.5,23.3,-0.5
Feb-11,0.745557143,0.089388909,0.405993123,-0.221261814,Feb-11,Feb-11,Feb-11,TRUE,3.4,7.8,2.6,0.4,0.5,23.3,0
Mar-11,0.310988889,0.083350834,0.419310605,-0.239902232,Mar-11,Mar-11,Mar-11,TRUE,3.2,7.7,2.8,0.2,0.5,23.4,1
Apr-11,0.994325,0.078457077,0.373705824,-0.181851608,Apr-11,Apr-11,Apr-11,TRUE,3.7,7.8,2.1,-0.9,0.5,23.5,-0.9
May-11,0.708757143,0.080600901,0.415137403,-0.145040053,May-11,May-11,May-11,TRUE,3.3,7.9,2.4,1,0.5,23.4,0.1
Jun-11,0.432485714,0.087049282,0.425452882,-0.354804391,Jun-11,Jun-11,Jun-11,TRUE,2.8,8,2.5,0.1,0.5,23.3,-0.4
Jul-11,0.004675,0.085910823,0.422886408,-0.471330233,Jul-11,Jul-11,Jul-11,TRUE,3.1,8.2,2.8,0.1,0.5,23.5,0.6
Aug-11,-0.330133333,0.078101921,0.386068395,-0.336022665,Aug-11,Aug-11,Aug-11,TRUE,3.1,8.3,2.7,-0.3,0.5,23.4,0.1
Sep-11,0.338466667,0.081137158,0.425251799,-0.30917871,Sep-11,Sep-11,Sep-11,TRUE,3.3,8.4,2.2,0.1,0.5,23.4,-0.6
Oct-11,0.705514286,0.083995047,0.416375896,-0.254391168,Oct-11,Oct-11,Oct-11,TRUE,3.4,8.5,1.9,-0.9,0.5,23.3,-0.5
Nov-11,0.588485714,0.088846215,0.431506402,-0.343813088,Nov-11,Nov-11,Nov-11,TRUE,3.2,8.4,1.9,1.3,0.5,23.2,0.8
Dec-11,0.9978,0.078567517,0.437544897,-0.313184584,Dec-11,Dec-11,Dec-11,TRUE,3,8.3,1.9,0.8,0.5,23.2,0.3
Jan-12,0.9947,0.109479764,0.420260664,-0.2962467,Jan-12,Jan-12,Jan-12,TRUE,2.6,8.3,1.2,0.4,0.5,23.2,-0.1
Feb-12,0.59808,0.075332305,0.389919148,-0.379759735,Feb-12,Feb-12,Feb-12,TRUE,2.4,8.2,0.8,-0.7,0.5,23.2,0.2
Mar-12,0.616333333,0.0939293,0.398009333,-0.268593774,Mar-12,Mar-12,Mar-12,TRUE,2.5,8.2,0.6,0.2,0.5,23.1,-0.4
Apr-12,0.9997,0.102064528,0.407341268,-0.212053199,Apr-12,Apr-12,Apr-12,TRUE,2.1,8.1,1.3,-0.5,0.5,23.1,0.4
May-12,-0.2588,0.066659018,0.419961346,-0.478483262,May-12,May-12,May-12,TRUE,2.2,8,1.5,1.5,0.5,23,-0.5
Jun-12,0.7419,0.084708917,0.412092158,-0.403942233,Jun-12,Jun-12,Jun-12,TRUE,2.1,8,1.6,-1.3,0.5,22.8,0.1
Jul-12,-0.9993,0.079356585,0.436798005,-0.575,Jul-12,Jul-12,Jul-12,TRUE,2.3,7.9,1.5,1.4,0.5,22.6,-0.4
Aug-12,0.9997,0.096144097,0.404336587,-0.490566038,Aug-12,Aug-12,Aug-12,TRUE,2.1,7.8,1.7,0.6,0.5,22.6,-0.3
Sep-12,0.994833333,0.091023239,0.44509028,-0.26054158,Sep-12,Sep-12,Sep-12,TRUE,2.1,7.8,1.8,-1,0.5,22.7,0.8
Oct-12,0.24295,0.087652787,0.412052184,-0.344563404,Oct-12,Oct-12,Oct-12,TRUE,2.6,7.8,1.7,0.3,0.5,22.7,0
Nov-12,-0.3258,0.089594752,0.403833488,-0.331303532,Nov-12,Nov-12,Nov-12,TRUE,2.6,7.8,1.5,0.3,0.5,22.5,0.3
Dec-12,0.333833333,0.081445896,0.433645924,-0.237195645,Dec-12,Dec-12,Dec-12,TRUE,2.4,7.8,1.2,-0.4,0.5,22.4,0
Jan-13,0.911575,0.09681042,0.437646042,-0.319990863,Jan-13,Jan-13,Jan-13,TRUE,2.3,8,1.1,-0.2,0.5,22.4,0.5
Feb-13,0.999666667,0.09562627,0.425070613,-0.094496611,Feb-13,Feb-13,Feb-13,TRUE,2.3,7.8,1,0.9,0.5,22.5,0.4
Mar-13,0.9993,0.10639115,0.441246938,-0.148325359,Mar-13,Mar-13,Mar-13,TRUE,2.4,7.8,0.5,-0.2,0.5,22.6,0.2
Apr-13,0.983,0.122364868,0.422890602,-0.047112178,Apr-13,Apr-13,Apr-13,TRUE,2,7.7,1.4,0.3,0.5,22.6,-0.3
May-13,0.999042857,0.080969545,0.402497909,-0.228438739,May-13,May-13,May-13,TRUE,2.2,7.7,1.6,0.2,0.5,22.7,1.6
Jun-13,0.9988375,0.100113783,0.42393535,-0.271713577,Jun-13,Jun-13,Jun-13,TRUE,2.3,7.7,2.2,0.2,0.5,22.5,0.6
Jul-13,0.9988,0.152945274,0.445286834,-0.208,Jul-13,Jul-13,Jul-13,TRUE,2,7.7,1.2,0.2,0.5,22.4,0.7
Aug-13,0.99975,0.095826108,0.429332226,-0.179773992,Aug-13,Aug-13,Aug-13,TRUE,2,7.6,0.8,0.3,0.5,22.4,1
Sep-13,0.996116667,0.105867606,0.421240934,0.035786644,Sep-13,Sep-13,Sep-13,TRUE,2.2,7.4,0.7,0.1,0.5,22.3,0.7
Oct-13,0.662577778,0.092050451,0.412749375,-0.216210928,Oct-13,Oct-13,Oct-13,TRUE,1.7,7.2,0.8,0.7,0.5,22.3,1.2
Nov-13,0.998766667,0.0893319,0.395539387,-0.214937854,Nov-13,Nov-13,Nov-13,TRUE,1.8,7.2,0.8,0,0.5,22.3,0.5
Dec-13,0.999283333,0.103859808,0.416224675,-0.052992709,Dec-13,Dec-13,Dec-13,TRUE,1.7,7.1,1,-0.3,0.5,22.3,0.6
Jan-14,0.99808,0.09348905,0.420167162,-0.182592213,Jan-14,Jan-14,Jan-14,TRUE,1.6,6.9,1.2,0.6,0.5,22.2,0.8
Feb-14,0.99805,0.086496642,0.407509094,-0.365869425,Feb-14,Feb-14,Feb-14,TRUE,1.7,6.7,1.7,0.6,0.5,22.2,1.1
Mar-14,0.9996875,0.121117583,0.400049689,-0.029994055,Mar-14,Mar-14,Mar-14,TRUE,1.6,6.6,1.8,0.4,0.5,22.2,0.6
Apr-14,0.999133333,0.108838467,0.441364322,-0.215450868,Apr-14,Apr-14,Apr-14,TRUE,2,6.4,0.6,0.2,0.5,22.1,-0.5
May-14,0.713042857,0.091008333,0.409091659,-0.260348965,May-14,May-14,May-14,TRUE,1.6,6.3,0,0.2,0.5,22,1.5
Jun-14,0.670133333,0.091313166,0.433216329,-0.275553832,Jun-14,Jun-14,Jun-14,TRUE,2,6.1,-0.3,0.4,0.5,22.2,1
Jul-14,-0.406185714,0.09857471,0.429951203,-0.323488998,Jul-14,Jul-14,Jul-14,TRUE,1.8,6,0.5,0.5,0.5,22.3,0.5
Aug-14,0.9978,0.085746838,0.432976564,-0.082352941,Aug-14,Aug-14,Aug-14,TRUE,1.9,6,0.6,0,0.5,22.2,0.5
Sep-14,0.99968,0.102300009,0.419055638,-0.107069587,Sep-14,Sep-14,Sep-14,TRUE,1.5,5.9,0.9,0.3,0.5,22.2,0.2
Oct-14,0.774992308,0.096541343,0.416367631,-0.230266444,Oct-14,Oct-14,Oct-14,TRUE,1.5,5.9,1.4,0.4,0.5,22.3,0.4
Nov-14,0.9984125,0.108314144,0.422840711,-0.291661796,Nov-14,Nov-14,Nov-14,TRUE,1.2,5.7,1.7,0,0.5,22.4,0.2
Dec-14,-0.19688,0.067686951,0.431055469,-0.374245935,Dec-14,Dec-14,Dec-14,TRUE,1.3,5.6,2,0.1,0.5,22.3,0.7
Jan-15,0.714771429,0.119376178,0.431621863,-0.102628598,Jan-15,Jan-15,Jan-15,TRUE,1.4,5.6,1.8,-0.1,0.5,22.2,0.2
Feb-15,0.999771429,0.107954151,0.40759703,0.045094501,Feb-15,Feb-15,Feb-15,TRUE,1.2,5.5,1.7,0.3,0.5,22.1,0.4
Mar-15,0.626663636,0.088860187,0.417999306,-0.242577741,Mar-15,Mar-15,Mar-15,TRUE,1,5.5,2.3,0.2,0.5,22.2,0.5
May-15,0.59522,0.095047339,0.426548155,-0.256089659,May-15,May-15,May-15,TRUE,0.9,5.6,3.1,0,0.5,22.2,0.7
Jun-15,0.555622222,0.100001809,0.421804602,-0.168155321,Jun-15,Jun-15,Jun-15,TRUE,0.8,5.5,2.5,-0.1,0.5,22.2,0.6
Jul-15,0.270525,0.098221593,0.422272746,-0.35574231,Jul-15,Jul-15,Jul-15,TRUE,1.2,5.4,2.8,0.4,0.5,22.2,1
Aug-15,0.999,0.070714006,0.324389955,-0.340206186,Aug-15,Aug-15,Aug-15,TRUE,1,5.3,3,-0.1,0.5,22.2,1.2
Sep-15,0.7516875,0.09930976,0.413917957,-0.216999753,Sep-15,Sep-15,Sep-15,TRUE,1,5.2,2.9,0.2,0.5,22,0.3
Oct-15,0.816154545,0.108373372,0.408417834,-0.145604069,Oct-15,Oct-15,Oct-15,TRUE,1.1,5.1,2.4,0.4,0.5,21.9,0.3
Nov-15,0.999311111,0.120090552,0.416919183,-0.109582791,Nov-15,Nov-15,Nov-15,TRUE,1.2,5.1,2,-0.1,0.5,21.9,1.1
Dec-15,0.500375,0.117354104,0.442877032,-0.248608303,Dec-15,Dec-15,Dec-15,TRUE,1.4,5.1,1.9,0.3,0.5,21.9,0.2
Jan-16,0.732128571,0.083541451,0.426099561,-0.228825474,Jan-16,Jan-16,Jan-16,TRUE,1.2,5.1,2.2,0.1,0.5,21.9,1.1
Feb-16,0.713271429,0.081228155,0.375099973,-0.170612824,Feb-16,Feb-16,Feb-16,TRUE,1.2,5.1,2,0.6,0.5,21.8,0.4
Mar-16,0.1533,0.099186956,0.406269127,-0.234123183,Mar-16,Mar-16,Mar-16,TRUE,1.5,5,2.1,-0.2,0.5,21.9,0.7
Apr-16,0.66585,0.078240193,0.41009436,-0.280697226,Apr-16,Apr-16,Apr-16,TRUE,1.2,4.9,2.2,0.9,0.5,21.9,0.6
May-16,0.6368,0.103948741,0.423047687,-0.263216562,May-16,May-16,May-16,TRUE,1.2,4.9,2.4,-0.3,0.5,21.7,0.2
Jun-16,0.0051,0.10662234,0.385987734,0.155405405,Jun-16,Jun-16,Jun-16,TRUE,1.4,4.9,2.6,0.2,0.5,21.7,0.4
Jul-16,0.9998,0.081206595,0.417676617,-0.253769075,Jul-16,Jul-16,Jul-16,TRUE,1.3,5,2.5,0.1,0.5,21.6,0.1
Aug-16,0.9997,0.103741503,0.399174255,0.204301075,Aug-16,Aug-16,Aug-16,TRUE,1.3,4.8,2.4,0.2,0.25,21.6,0
Sep-16,0.999233333,0.111095946,0.426745799,0.063005556,Sep-16,Sep-16,Sep-16,TRUE,1.5,4.8,2.4,0.5,0.25,21.7,0.5
Oct-16,0.999466667,0.091383782,0.40997973,-0.203909533,Oct-16,Oct-16,Oct-16,TRUE,1.2,4.8,2.5,-0.3,0.25,21.7,0.6
Nov-16,0.79922,0.102623349,0.406328343,-0.185676065,Nov-16,Nov-16,Nov-16,TRUE,1.4,4.7,2.7,0.4,0.25,21.8,0.5
Dec-16,0.999085714,0.100004935,0.408190324,-0.072986379,Dec-16,Dec-16,Dec-16,TRUE,1.6,4.7,2.5,0.8,0.25,21.7,0.4
Jan-17,0.9979,0.099728774,0.40767933,0.099943439,Jan-17,Jan-17,Jan-17,TRUE,1.6,4.6,2.1,0.3,0.25,21.7,-0.1
Feb-17,0.5014125,0.112579276,0.419017994,-0.10655444,Feb-17,Feb-17,Feb-17,TRUE,2,4.6,2.1,0.1,0.25,21.7,0.3
Mar-17,0.999542857,0.101537023,0.402738577,-0.151894168,Mar-17,Mar-17,Mar-17,TRUE,1.8,4.5,2.3,0.1,0.25,21.6,0.3
Apr-17,0.3347,0.089693373,0.39516005,0.057082557,Apr-17,Apr-17,Apr-17,TRUE,2.4,4.4,2.2,0.5,0.25,21.6,0.1
Jun-17,0.8810625,0.104362796,0.426096092,-0.055235533,Jun-17,Jun-17,Jun-17,TRUE,2.4,4.3,2.2,0.2,0.25,21.4,0.1
Jul-17,0.59948,0.113841348,0.421408441,-0.217913268,Jul-17,Jul-17,Jul-17,TRUE,2.4,4.3,2.2,0.2,0.25,21.3,0.3
Aug-17,0.9986,0.069546515,0.405085902,-0.065789474,Aug-17,Aug-17,Aug-17,TRUE,2.7,4.3,2.4,0.1,0.25,21.5,0.7
Sep-17,0.666366667,0.101777154,0.425497149,-0.025606971,Sep-17,Sep-17,Sep-17,TRUE,2.7,4.2,2.3,0.5,0.25,21.7,0.8
Oct-17,0.67065,0.121437402,0.417865645,0.023720005,Oct-17,Oct-17,Oct-17,TRUE,2.7,4.3,2.6,0.1,0.25,21.6,-0.5
Nov-17,0.3174,0.113872482,0.412469743,-0.143639123,Nov-17,Nov-17,Nov-17,TRUE,2.7,4.4,2.5,0.2,0.5,21.3,0
Dec-17,0.9992,0.099231366,0.408169954,-0.201971689,Dec-17,Dec-17,Dec-17,TRUE,2.5,4.3,2.6,0.3,0.5,21.4,0.5
Jan-18,0.9997,0.072358924,0.415167075,0.110898062,Jan-18,Jan-18,Jan-18,TRUE,2.7,4.2,2.7,-0.2,0.5,21.3,0.5
Feb-18,0.9988,0.097682054,0.400263335,-0.156982418,Feb-18,Feb-18,Feb-18,TRUE,2.4,4.2,2.9,0,0.5,21.3,0.9
Mar-18,0.99924,0.110356952,0.40594723,0.126813299,Mar-18,Mar-18,Mar-18,TRUE,2.3,4.2,2.6,-0.1,0.5,21.2,-0.6
Apr-18,0.99681,0.101371071,0.38567434,-0.114630433,Apr-18,Apr-18,Apr-18,TRUE,2.1,4.2,2.6,0,0.5,21.1,-0.2
May-18,0.9998,0.090856197,0.416620547,-0.063266444,May-18,May-18,May-18,TRUE,2.1,4,2.5,0.3,0.5,21.1,0.6
Jun-18,0.59767,0.107897885,0.42136626,-0.041451347,Jun-18,Jun-18,Jun-18,TRUE,1.9,4,2.4,0.3,0.5,21.3,0.4
Jul-18,0.988975,0.102742002,0.387805642,-0.141948867,Jul-18,Jul-18,Jul-18,TRUE,1.9,4,2.7,-0.2,0.5,21.4,0.1
Aug-18,0.9995,0.077823365,0.436882167,-0.12244898,Aug-18,Aug-18,Aug-18,TRUE,2.1,4.1,2.9,0.3,0.75,21.3,0
Sep-18,0.991428571,0.092288335,0.399282789,-0.200324473,Sep-18,Sep-18,Sep-18,TRUE,1.9,4.1,3.1,0.1,0.75,21.3,0.3
Oct-18,0.9915,0.101704108,0.42640654,-0.198746372,Oct-18,Oct-18,Oct-18,TRUE,1.9,4,3.4,0.1,0.75,21.1,0.1
Nov-18,0.999366667,0.11676164,0.420934493,0.170753132,Nov-18,Nov-18,Nov-18,TRUE,1.8,4,3.4,0.1,0.75,21.1,-0.2
Dec-18,0.999333333,0.126474136,0.400882429,0.063959673,Dec-18,Dec-18,Dec-18,TRUE,1.9,3.9,3.5,-0.5,0.75,21.1,0
Jan-19,0.02655,0.07660305,0.409704969,-0.26870527,Jan-19,Jan-19,Jan-19,TRUE,1.9,4,3.4,0.5,0.75,20.9,0.4
Feb-19,0.815125,0.100047496,0.405352572,-0.118909727,Feb-19,Feb-19,Feb-19,TRUE,1.8,3.8,3.6,0.6,0.75,20.8,1.5
Mar-19,0.995842857,0.095384512,0.403458453,-0.01395773,Mar-19,Mar-19,Mar-19,TRUE,1.8,3.8,3.3,-0.2,0.75,21,-0.4
Apr-19,0.98334,0.106087938,0.41040567,0.158602224,Apr-19,Apr-19,Apr-19,TRUE,1.8,3.8,3.2,-0.4,0.75,20.9,-0.5
May-19,0.408261538,0.10362036,0.410206483,-0.139000132,May-19,May-19,May-19,TRUE,1.7,3.9,3.4,0.5,0.75,20.9,-0.1
Jun-19,0.60154,0.114778197,0.423860931,-0.00986536,Jun-19,Jun-19,Jun-19,TRUE,1.8,3.9,3.9,0.6,0.75,20.7,0
Jul-19,0.452845455,0.128851633,0.443820938,-0.097481598,Jul-19,Jul-19,Jul-19,TRUE,1.9,3.9,4,0.1,0.75,20.8,0.4
Aug-19,0.9995,0.084716818,0.354969805,-0.210526316,Aug-19,Aug-19,Aug-19,TRUE,1.5,3.9,3.8,-0.2,0.75,20.9,0.4
Sep-19,0.427985714,0.11124657,0.42912538,-0.040450948,Sep-19,Sep-19,Sep-19,TRUE,1.7,3.8,3.8,0.4,0.75,20.8,-0.3
Oct-19,0.710275,0.111532662,0.415866128,-0.026851358,Oct-19,Oct-19,Oct-19,TRUE,1.7,3.8,3.2,-0.1,0.75,20.9,0
Dec-19,0.993666667,0.097379505,0.389636812,-0.208745339,Dec-19,Dec-19,Dec-19,TRUE,1.4,3.9,2.7,0.4,0.75,20.6,1.6
Jan-20,0.333566667,0.082817784,0.406492502,-0.013384476,Jan-20,Jan-20,Jan-20,TRUE,1.6,3.9,3,-0.1,0.75,20.5,0.1
Feb-20,0.7494375,0.109937041,0.397025693,-0.128326898,Feb-20,Feb-20,Feb-20,TRUE,1.7,4.1,2.8,0,0.75,20.3,0.1
Mar-20,0.333933333,0.096957928,0.387230602,-0.12968047,Mar-20,Mar-20,Mar-20,TRUE,1.6,4.1,2.2,-7.6,0.25,20.8,-0.1
Apr-20,0.9993,0.0979738,0.438741828,-0.162392406,Apr-20,Apr-20,Apr-20,TRUE,1.4,4.1,0.9,-19.2,0.1,21,-0.3
May-20,-0.01005,0.089010328,0.422839157,-0.610399562,May-20,May-20,May-20,TRUE,1.2,4.1,-0.4,2.1,0.1,21.2,0.1
Jun-20,0.49965,0.092122206,0.385056436,-0.263456865,Jun-20,Jun-20,Jun-20,TRUE,1.4,4.4,-1.1,9.3,0.1,21.3,0.2
Jul-20,0.144585714,0.090789672,0.414878538,-0.452843859,Jul-20,Jul-20,Jul-20,TRUE,1.8,4.6,-0.9,6.7,0.1,21.2,1.4
Aug-20,0.9943,0.126331896,0.417604138,-0.243902439,Aug-20,Aug-20,Aug-20,TRUE,0.9,5,0.1,3.5,0.1,21.3,1.2
Sep-20,0.4953125,0.082604574,0.399278326,-0.378079562,Sep-20,Sep-20,Sep-20,TRUE,1.3,5.2,1.5,1.4,0.1,21.4,1.4
Oct-20,0.5004625,0.124941758,0.434343986,-0.009391749,Oct-20,Oct-20,Oct-20,TRUE,1.5,5.2,2.8,0.3,0.1,21.4,0.3
Nov-20,0.998783333,0.09964961,0.416733578,-0.206846213,Nov-20,Nov-20,Nov-20,TRUE,1.1,5.3,3.7,-2.1,0.1,21.3,1
Dec-20,-0.3196,0.093241788,0.425896777,-0.308708988,Dec-20,Dec-20,Dec-20,TRUE,1.4,5.2,4.6,1.7,0.1,21.5,-0.3
Jan-21,0.9987,0.090782637,0.400773662,-0.235122718,Jan-21,Jan-21,Jan-21,TRUE,1.4,5,4.8,-3.2,0.1,21.5,0.3
Feb-21,0.425557143,0.092667675,0.412413982,-0.249708484,Feb-21,Feb-21,Feb-21,TRUE,0.9,4.9,4.5,1.2,0.1,21.5,-0.5
Mar-21,0.765383333,0.109024688,0.459218972,-0.183896633,Mar-21,Mar-21,Mar-21,TRUE,1.1,4.8,4.2,2.9,0.1,21.7,1.5
Apr-21,0.99985,0.107305022,0.425510262,0.0690206,Apr-21,Apr-21,Apr-21,TRUE,1.3,4.8,5.6,3.2,0.1,21.7,1.4
May-21,0.993236364,0.101604057,0.416059912,-0.299216452,May-21,May-21,May-21,TRUE,2,4.7,7.5,1.4,0.1,21.7,1.3
Jun-21,0.99622,0.095465573,0.420162037,0.194518984,Jun-21,Jun-21,Jun-21,TRUE,2.3,4.6,8.9,1,0.1,21.5,-0.3
Jul-21,0.74245,0.096299347,0.424837538,-0.176308976,Jul-21,Jul-21,Jul-21,TRUE,1.8,4.5,8.4,-0.4,0.1,21.5,0.5
Sep-21,0.99845,0.114798907,0.424717776,-0.182364296,Sep-21,Sep-21,Sep-21,TRUE,2.9,4.3,5.9,0.6,0.1,21.5,1.3
Oct-21,0.9559,0.085513593,0.373173243,-0.272520574,Oct-21,Oct-21,Oct-21,TRUE,3.4,4.2,5.1,0.1,0.1,21.6,1.1
Nov-21,0.995325,0.088927956,0.386041424,-0.349315418,Nov-21,Nov-21,Nov-21,TRUE,4,4.2,4.4,0.5,0.1,21.6,0.9
Dec-21,0.97805,0.091843655,0.425274364,-0.270719082,Dec-21,Dec-21,Dec-21,TRUE,4.2,4.1,4.9,-0.2,0.25,21.6,1.1
Jan-22,0.9994,0.078148979,0.402784856,-0.301886792,Jan-22,Jan-22,Jan-22,TRUE,4.4,3.9,5.2,0.6,0.25,21.7,0.2
Feb-22,0.336433333,0.114056679,0.41534058,-0.228067445,Feb-22,Feb-22,Feb-22,TRUE,5.2,3.8,5.9,0.4,0.5,21.8,1.2
Mar-22,0.992525,0.084191785,0.335579808,-0.095804369,Mar-22,Mar-22,Mar-22,TRUE,5.7,3.8,7.3,0,0.75,21.9,1.3
Apr-22,0.677433333,0.087167235,0.397486008,-0.139281423,Apr-22,Apr-22,Apr-22,TRUE,6.2,3.7,7.1,0.2,0.75,21.8,1.1
May-22,0.722185714,0.097302242,0.426575722,-0.315481682,May-22,May-22,May-22,TRUE,5.9,3.8,6.5,0.5,1,21.6,1.1
Jun-22,0.98575,0.096826217,0.382829382,-0.186246056,Jun-22,Jun-22,Jun-22,TRUE,5.8,3.6,5.2,-0.7,1.25,21.9,1.4
Jul-22,0.988722222,0.103703276,0.407113473,-0.192274313,Jul-22,Jul-22,Jul-22,TRUE,6.2,3.6,5.5,0.5,1.25,22.2,-0.5
Sep-22,0.3385,0.093006438,0.402645165,-0.33135146,Sep-22,Sep-22,Sep-22,TRUE,6.5,3.8,6,-0.7,2.25,22.1,-0.3
Oct-22,0.66485,0.097133865,0.422255076,-0.270878385,Oct-22,Oct-22,Oct-22,TRUE,6.5,3.9,6.2,1,2.25,21.9,-0.3
Average,0.759256262,0.094863276,0.413386956,-0.175729037,,,,,,,,,,,
