Month / Year,Sentiment_LM,Inflation_Core,Unemployment,Wages_growth,GDP_growth,Benchmark_rate,Economic_Inactivity_rate,House_price_index
Sep-98,-0.212121212,1.3,6.2,0.0,0.1,7.5,23.6,0.3
Oct-98,-0.16372907,1.2,6.2,0.0,0.5,7.5,23.6,1.0
Nov-98,-0.316235776,1.1,6.1,0.0,0.2,7.25,23.5,-0.1
Dec-98,-0.348099356,1.2,6.2,0.0,0.3,6.75,23.5,-0.2
Jan-99,-0.266016811,1.2,6.2,0.0,0.2,6.25,23.3,0.7
Feb-99,-0.060952339,1.0,6.2,0.0,0.1,6.0,23.3,0.5
Mar-99,0.032467532,0.9,6.2,0.0,0.2,5.5,23.4,1.3
May-99,0.034791291,0.8,6.0,0.0,0.9,5.25,23.5,2.2
Jun-99,0.137608886,0.8,6.0,0.0,0.2,5.25,23.4,1.4
Aug-99,-0.654952077,0.7,5.9,0.0,0.3,5.0,23.4,1.3
Sep-99,-0.328787084,0.5,5.8,0.0,0.5,5.0,23.3,1.5
Oct-99,-0.032635612,0.5,5.8,0.0,0.9,5.25,23.4,1.9
Nov-99,-0.29220586,0.4,5.8,0.0,0.6,5.25,23.3,0.6
Dec-99,-0.221009336,0.3,5.9,0.0,-0.2,5.5,23.2,2.8
Jan-00,0.007596996,0.1,5.8,0.0,1.3,5.5,23.3,0.7
Feb-00,0.039190902,0.2,5.8,0.0,-0.1,5.75,23.3,0.3
Mar-00,0.087556955,0.1,5.7,0.0,-0.5,6.0,23.2,0.6
Apr-00,-0.118376147,0.0,5.6,0.0,0.4,6.0,23.2,0.9
May-00,-0.02233008,0.0,5.5,0.0,0.8,6.0,23.2,0.3
Jun-00,0.159719948,-0.1,5.3,0.0,0.7,6.0,23.3,0.1
Jul-00,0.209680829,-0.1,5.3,0.0,-0.7,6.0,23.3,0.7
Aug-00,0.089189445,0.0,5.3,0.0,1.0,6.0,23.3,-0.5
Sep-00,-0.064619707,0.1,5.4,0.0,-0.1,6.0,23.2,2.2
Oct-00,0.244025566,0.3,5.3,0.0,0.1,6.0,23.3,0.2
Nov-00,-0.096281197,0.2,5.2,0.0,0.4,6.0,23.5,0.7
Jan-01,-0.058305183,0.5,5.2,0.0,0.2,6.0,23.3,1.0
Feb-01,-0.207906827,0.4,5.1,0.0,0.0,6.0,23.3,1.2
Mar-01,-0.080212463,0.5,5.0,6.1,0.8,5.75,23.4,1.0
Apr-01,0.060904293,0.9,4.9,6.2,-0.4,5.75,23.4,1.8
May-01,-0.162198703,1.1,5.0,5.1,0.2,5.5,23.5,0.7
Jun-01,-0.307617432,1.3,5.0,5.5,0.4,5.25,23.4,1.6
Jul-01,-0.457258436,1.5,5.1,5.2,-0.1,5.25,23.5,0.7
Aug-01,-0.130434783,1.8,5.1,5.3,0.2,5.25,23.5,1.1
Sep-01,-0.224057953,1.3,5.1,4.8,-0.1,5.0,23.5,1.0
Oct-01,-0.194954879,1.1,5.1,4.8,0.2,4.75,23.5,0.5
Nov-01,-0.024462604,1.1,5.2,4.6,0.0,4.5,23.4,1.3
Dec-01,-0.194726166,1.4,5.2,4.2,0.0,4.0,23.4,1.8
Jan-02,0.269493844,1.7,5.1,3.8,0.3,4.0,23.5,2.2
Feb-02,0.031398093,1.6,5.2,3.2,-0.2,4.0,23.6,1.6
Mar-02,-0.230879321,1.6,5.2,3.0,0.3,4.0,23.6,0.5
Apr-02,-0.090517178,1.4,5.2,3.0,0.8,4.0,23.4,2.1
May-02,-0.144125447,1.3,5.2,3.3,0.5,4.0,23.3,2.5
Jun-02,0.074227755,1.3,5.2,3.7,-2.3,4.0,23.3,1.9
Sep-02,-0.103340246,1.2,5.2,3.4,0.4,4.0,23.3,1.7
Oct-02,-0.184717557,1.6,5.2,3.1,0.1,4.0,23.2,2.1
Nov-02,-0.076167916,1.6,5.1,3.0,0.2,4.0,23.2,1.9
Dec-02,-0.114743331,1.7,5.0,2.8,0.2,4.0,23.2,1.9
Jan-03,-0.137170522,1.5,5.1,2.5,0.4,4.0,23.4,0.5
Feb-03,-0.266375546,1.7,5.2,2.2,0.4,4.0,23.4,1.3
Mar-03,-0.136394324,1.5,5.1,2.8,-0.2,3.75,23.3,1.4
Jun-03,0.321494567,1.0,5.1,2.7,0.7,3.75,23.3,1.3
Jul-03,-0.568627451,1.3,5.1,2.7,0.4,3.75,23.2,1.0
Aug-03,-0.385321101,1.2,5.0,2.9,0.1,3.5,23.3,1.3
Sep-03,-0.206896552,1.3,5.0,3.3,0.5,3.5,23.3,1.1
Oct-03,0.047459893,1.2,4.9,3.7,0.5,3.5,23.3,2.3
Nov-03,-0.271859327,1.1,4.9,3.9,-0.4,3.5,23.4,0.5
Jan-04,-0.170761995,1.2,4.8,5.1,-0.2,3.75,23.3,0.6
Feb-04,0.018867925,1.1,4.8,4.9,0.1,3.75,23.2,1.7
Mar-04,-0.344343417,1.0,4.8,4.7,0.2,4.0,23.2,1.8
Apr-04,-0.156352045,1.0,4.8,3.7,-0.2,4.0,23.3,1.7
Jun-04,0.29869281,1.3,4.8,4.2,0.2,4.25,23.4,1.4
Jul-04,-0.112912575,1.2,4.7,4.1,-0.1,4.5,23.5,1.0
Aug-04,-0.365079365,1.1,4.7,4.1,-0.2,4.5,23.5,-0.1
Sep-04,0.285714286,0.9,4.7,4.1,0.3,4.75,23.5,0.5
Oct-04,-0.038728186,0.9,4.7,4.2,0.4,4.75,23.5,1.4
Nov-04,-0.057285307,1.1,4.7,4.2,0.1,4.75,23.4,-0.4
Dec-04,-0.36969697,1.3,4.7,4.3,0.0,4.75,23.3,0.3
Jan-05,-0.115143003,1.3,4.8,4.2,1.0,4.75,23.2,0.6
Feb-05,-0.132455643,1.2,4.7,4.6,-0.1,4.75,23.1,-0.5
Mar-05,-0.054870227,1.4,4.7,4.5,-0.5,4.75,23.3,0.4
May-05,-0.154950746,1.5,4.8,4.3,-0.5,4.75,23.4,0.2
Jun-05,-0.11466995,1.5,4.7,4.5,0.6,4.75,23.4,0.4
Aug-05,-0.159061278,1.8,4.7,4.8,0.0,4.75,23.3,1.3
Sep-05,-0.073593074,1.7,4.9,5.0,0.5,4.5,23.3,0.3
Oct-05,-0.105473856,1.7,5.1,4.8,-0.1,4.5,23.3,0.3
Nov-05,-0.055555556,1.5,5.1,4.7,1.0,4.5,23.3,0.8
Dec-05,-0.136363636,1.3,5.1,4.6,0.8,4.5,23.3,0.6
Jan-06,-0.087157756,1.3,5.2,4.2,-0.4,4.5,23.3,0.3
Feb-06,-0.194830617,1.4,5.2,4.4,-0.1,4.5,23.2,1.1
Mar-06,-0.138628011,1.3,5.3,4.9,0.4,4.5,23.0,0.3
Apr-06,-0.361111111,1.3,5.4,5.3,-0.4,4.5,22.9,1.5
May-06,-0.088180905,1.1,5.5,5.0,0.5,4.5,23.0,0.0
Jun-06,-0.051282051,1.2,5.5,4.9,0.2,4.5,22.9,-0.3
Jul-06,0.021543227,0.9,5.5,5.0,-0.5,4.5,22.8,1.5
Aug-06,-0.315068493,1.1,5.5,4.7,0.3,4.5,22.7,0.9
Sep-06,-0.230694354,1.4,5.5,4.1,0.3,4.75,22.9,1.5
Oct-06,-0.134946657,1.4,5.4,4.0,-0.6,4.75,22.9,1.5
Nov-06,-0.043388906,1.6,5.5,4.2,0.5,4.75,23.0,0.9
Dec-06,-0.23187706,1.8,5.5,4.9,0.9,5.0,23.0,0.1
Jan-07,0.069898457,1.6,5.5,5.4,0.0,5.0,23.1,0.4
Feb-07,-0.161102764,1.7,5.5,6.2,0.5,5.25,23.2,1.9
Mar-07,0.014014497,1.9,5.5,5.8,0.2,5.25,23.2,0.5
Apr-07,-0.415584416,1.8,5.4,5.2,0.3,5.25,23.2,0.9
May-07,-0.139284931,1.9,5.4,4.5,0.5,5.25,23.1,0.7
Jun-07,0.051523227,2.0,5.3,4.5,0.2,5.5,23.2,0.5
Jul-07,-0.148103786,1.7,5.3,4.6,0.1,5.5,23.2,0.1
Sep-07,-0.251159441,1.5,5.2,5.2,0.2,5.75,23.2,-0.1
Oct-07,-0.340313322,1.5,5.2,5.0,-0.1,5.75,23.1,-0.2
Nov-07,-0.207431803,1.4,5.2,4.9,0.6,5.75,23.1,-0.4
Dec-07,-0.279069767,1.4,5.2,4.1,0.4,5.75,23.1,0.1
Jan-08,-0.500768246,1.3,5.2,3.8,0.0,5.5,23.0,0.4
Feb-08,-0.193983627,1.2,5.2,3.5,0.7,5.5,22.9,-1.5
Mar-08,-0.114194066,1.2,5.3,4.1,-1.1,5.25,23.0,-1.2
Apr-08,-0.253040288,1.4,5.2,4.5,0.9,5.25,22.9,-0.6
Jun-08,-0.252621188,1.6,5.5,4.2,-0.1,5.0,22.9,-2.1
Jul-08,-0.140834661,1.9,5.7,3.7,-0.6,5.0,22.9,-1.6
Sep-08,-0.394327246,2.2,6.0,3.1,-1.2,5.0,23.0,-1.6
Oct-08,-0.455788418,1.9,6.2,3.1,-0.2,5.0,23.1,-2.5
Nov-08,-0.38787755,2.0,6.4,2.8,-1.3,4.5,22.9,-1.4
Dec-08,-0.135135135,1.1,6.5,2.8,-0.5,3.0,22.9,-1.3
Jan-09,-0.481597191,1.3,6.7,1.0,-0.9,2.0,22.7,0.3
Feb-09,-0.426816692,1.6,7.1,-1.8,-0.1,1.5,22.8,-1.8
Mar-09,-0.359395652,1.7,7.3,-2.9,-0.8,1.0,22.8,-0.4
Apr-09,-0.374418605,1.5,7.6,-1.8,0.7,0.5,22.9,0.2
May-09,-0.257132684,1.6,7.8,0.5,-1.0,0.5,23.0,0.5
Jun-09,-0.190933252,1.6,7.9,1.2,0.4,0.5,23.1,0.6
Jul-09,-0.283644682,1.8,7.9,0.9,0.5,0.5,23.3,0.6
Aug-09,-0.25,1.8,7.8,0.8,-0.6,0.5,23.2,1.4
Sep-09,-0.202307792,1.7,7.9,0.7,0.2,0.5,23.3,1.0
Oct-09,-0.429155592,1.8,7.8,0.6,0.2,0.5,23.3,1.2
Nov-09,-0.379820554,1.9,7.8,0.7,0.1,0.5,23.4,0.2
Dec-09,-0.298847834,2.8,7.7,0.7,0.5,0.5,23.4,1.0
Jan-10,-0.352775851,3.1,7.9,2.0,-0.8,0.5,23.6,0.5
Feb-10,-0.338017287,2.9,8.0,4.6,1.6,0.5,23.6,-0.2
Mar-10,-0.293575906,3.0,8.0,5.0,0.8,0.5,23.6,0.8
Apr-10,-0.429951691,3.1,7.9,3.8,-0.3,0.5,23.6,-0.6
May-10,-0.333333333,2.9,7.9,1.3,0.6,0.5,23.4,0.0
Jun-10,-0.324190224,3.1,7.8,1.0,0.0,0.5,23.5,0.1
Jul-10,-0.293775585,2.6,7.8,1.2,0.1,0.5,23.3,-0.1
Aug-10,-0.120689655,2.8,7.8,1.3,0.2,0.5,23.3,-0.8
Sep-10,-0.235841337,2.7,7.9,1.5,0.2,0.5,23.2,-0.5
Oct-10,-0.275830683,2.7,7.9,1.7,0.4,0.5,23.3,-0.2
Nov-10,-0.28670549,2.7,7.9,1.8,-0.3,0.5,23.5,0.5
Dec-10,-0.251415077,2.9,7.9,1.9,-0.9,0.5,23.5,-0.9
Jan-11,-0.234971991,3.0,7.8,2.7,0.5,0.5,23.3,-0.5
Feb-11,-0.221261814,3.4,7.8,2.6,0.4,0.5,23.3,0.0
Mar-11,-0.239902232,3.2,7.7,2.8,0.2,0.5,23.4,1.0
Apr-11,-0.181851608,3.7,7.8,2.1,-0.9,0.5,23.5,-0.9
May-11,-0.145040053,3.3,7.9,2.4,1.0,0.5,23.4,0.1
Jun-11,-0.354804391,2.8,8.0,2.5,0.1,0.5,23.3,-0.4
Jul-11,-0.471330233,3.1,8.2,2.8,0.1,0.5,23.5,0.6
Aug-11,-0.336022665,3.1,8.3,2.7,-0.3,0.5,23.4,0.1
Sep-11,-0.30917871,3.3,8.4,2.2,0.1,0.5,23.4,-0.6
Oct-11,-0.254391168,3.4,8.5,1.9,-0.9,0.5,23.3,-0.5
Nov-11,-0.343813088,3.2,8.4,1.9,1.3,0.5,23.2,0.8
Dec-11,-0.313184584,3.0,8.3,1.9,0.8,0.5,23.2,0.3
Jan-12,-0.2962467,2.6,8.3,1.2,0.4,0.5,23.2,-0.1
Feb-12,-0.379759735,2.4,8.2,0.8,-0.7,0.5,23.2,0.2
Mar-12,-0.268593774,2.5,8.2,0.6,0.2,0.5,23.1,-0.4
Apr-12,-0.212053199,2.1,8.1,1.3,-0.5,0.5,23.1,0.4
May-12,-0.478483262,2.2,8.0,1.5,1.5,0.5,23.0,-0.5
Jun-12,-0.403942233,2.1,8.0,1.6,-1.3,0.5,22.8,0.1
Jul-12,-0.575,2.3,7.9,1.5,1.4,0.5,22.6,-0.4
Aug-12,-0.490566038,2.1,7.8,1.7,0.6,0.5,22.6,-0.3
Sep-12,-0.26054158,2.1,7.8,1.8,-1.0,0.5,22.7,0.8
Oct-12,-0.344563404,2.6,7.8,1.7,0.3,0.5,22.7,0.0
Nov-12,-0.331303532,2.6,7.8,1.5,0.3,0.5,22.5,0.3
Dec-12,-0.237195645,2.4,7.8,1.2,-0.4,0.5,22.4,0.0
Jan-13,-0.319990863,2.3,8.0,1.1,-0.2,0.5,22.4,0.5
Feb-13,-0.094496611,2.3,7.8,1.0,0.9,0.5,22.5,0.4
Mar-13,-0.148325359,2.4,7.8,0.5,-0.2,0.5,22.6,0.2
Apr-13,-0.047112178,2.0,7.7,1.4,0.3,0.5,22.6,-0.3
May-13,-0.228438739,2.2,7.7,1.6,0.2,0.5,22.7,1.6
Jun-13,-0.271713577,2.3,7.7,2.2,0.2,0.5,22.5,0.6
Jul-13,-0.208,2.0,7.7,1.2,0.2,0.5,22.4,0.7
Aug-13,-0.179773992,2.0,7.6,0.8,0.3,0.5,22.4,1.0
Sep-13,0.035786644,2.2,7.4,0.7,0.1,0.5,22.3,0.7
Oct-13,-0.216210928,1.7,7.2,0.8,0.7,0.5,22.3,1.2
Nov-13,-0.214937854,1.8,7.2,0.8,0.0,0.5,22.3,0.5
Dec-13,-0.052992709,1.7,7.1,1.0,-0.3,0.5,22.3,0.6
Jan-14,-0.182592213,1.6,6.9,1.2,0.6,0.5,22.2,0.8
Feb-14,-0.365869425,1.7,6.7,1.7,0.6,0.5,22.2,1.1
Mar-14,-0.029994055,1.6,6.6,1.8,0.4,0.5,22.2,0.6
Apr-14,-0.215450868,2.0,6.4,0.6,0.2,0.5,22.1,-0.5
May-14,-0.260348965,1.6,6.3,0.0,0.2,0.5,22.0,1.5
Jun-14,-0.275553832,2.0,6.1,-0.3,0.4,0.5,22.2,1.0
Jul-14,-0.323488998,1.8,6.0,0.5,0.5,0.5,22.3,0.5
Aug-14,-0.082352941,1.9,6.0,0.6,0.0,0.5,22.2,0.5
Sep-14,-0.107069587,1.5,5.9,0.9,0.3,0.5,22.2,0.2
Oct-14,-0.230266444,1.5,5.9,1.4,0.4,0.5,22.3,0.4
Nov-14,-0.291661796,1.2,5.7,1.7,0.0,0.5,22.4,0.2
Dec-14,-0.374245935,1.3,5.6,2.0,0.1,0.5,22.3,0.7
Jan-15,-0.102628598,1.4,5.6,1.8,-0.1,0.5,22.2,0.2
Feb-15,0.045094501,1.2,5.5,1.7,0.3,0.5,22.1,0.4
Mar-15,-0.242577741,1.0,5.5,2.3,0.2,0.5,22.2,0.5
May-15,-0.256089659,0.9,5.6,3.1,0.0,0.5,22.2,0.7
Jun-15,-0.168155321,0.8,5.5,2.5,-0.1,0.5,22.2,0.6
Jul-15,-0.35574231,1.2,5.4,2.8,0.4,0.5,22.2,1.0
Aug-15,-0.340206186,1.0,5.3,3.0,-0.1,0.5,22.2,1.2
Sep-15,-0.216999753,1.0,5.2,2.9,0.2,0.5,22.0,0.3
Oct-15,-0.145604069,1.1,5.1,2.4,0.4,0.5,21.9,0.3
Nov-15,-0.109582791,1.2,5.1,2.0,-0.1,0.5,21.9,1.1
Dec-15,-0.248608303,1.4,5.1,1.9,0.3,0.5,21.9,0.2
Jan-16,-0.228825474,1.2,5.1,2.2,0.1,0.5,21.9,1.1
Feb-16,-0.170612824,1.2,5.1,2.0,0.6,0.5,21.8,0.4
Mar-16,-0.234123183,1.5,5.0,2.1,-0.2,0.5,21.9,0.7
Apr-16,-0.280697226,1.2,4.9,2.2,0.9,0.5,21.9,0.6
May-16,-0.263216562,1.2,4.9,2.4,-0.3,0.5,21.7,0.2
Jun-16,0.155405405,1.4,4.9,2.6,0.2,0.5,21.7,0.4
Jul-16,-0.253769075,1.3,5.0,2.5,0.1,0.5,21.6,0.1
Aug-16,0.204301075,1.3,4.8,2.4,0.2,0.25,21.6,0.0
Sep-16,0.063005556,1.5,4.8,2.4,0.5,0.25,21.7,0.5
Oct-16,-0.203909533,1.2,4.8,2.5,-0.3,0.25,21.7,0.6
Nov-16,-0.185676065,1.4,4.7,2.7,0.4,0.25,21.8,0.5
Dec-16,-0.072986379,1.6,4.7,2.5,0.8,0.25,21.7,0.4
Jan-17,0.099943439,1.6,4.6,2.1,0.3,0.25,21.7,-0.1
Feb-17,-0.10655444,2.0,4.6,2.1,0.1,0.25,21.7,0.3
Mar-17,-0.151894168,1.8,4.5,2.3,0.1,0.25,21.6,0.3
Apr-17,0.057082557,2.4,4.4,2.2,0.5,0.25,21.6,0.1
Jun-17,-0.055235533,2.4,4.3,2.2,0.2,0.25,21.4,0.1
Jul-17,-0.217913268,2.4,4.3,2.2,0.2,0.25,21.3,0.3
Aug-17,-0.065789474,2.7,4.3,2.4,0.1,0.25,21.5,0.7
Sep-17,-0.025606971,2.7,4.2,2.3,0.5,0.25,21.7,0.8
Oct-17,0.023720005,2.7,4.3,2.6,0.1,0.25,21.6,-0.5
Nov-17,-0.143639123,2.7,4.4,2.5,0.2,0.5,21.3,0.0
Dec-17,-0.201971689,2.5,4.3,2.6,0.3,0.5,21.4,0.5
Jan-18,0.110898062,2.7,4.2,2.7,-0.2,0.5,21.3,0.5
Feb-18,-0.156982418,2.4,4.2,2.9,0.0,0.5,21.3,0.9
Mar-18,0.126813299,2.3,4.2,2.6,-0.1,0.5,21.2,-0.6
Apr-18,-0.114630433,2.1,4.2,2.6,0.0,0.5,21.1,-0.2
May-18,-0.063266444,2.1,4.0,2.5,0.3,0.5,21.1,0.6
Jun-18,-0.041451347,1.9,4.0,2.4,0.3,0.5,21.3,0.4
Jul-18,-0.141948867,1.9,4.0,2.7,-0.2,0.5,21.4,0.1
Aug-18,-0.12244898,2.1,4.1,2.9,0.3,0.75,21.3,0.0
Sep-18,-0.200324473,1.9,4.1,3.1,0.1,0.75,21.3,0.3
Oct-18,-0.198746372,1.9,4.0,3.4,0.1,0.75,21.1,0.1
Nov-18,0.170753132,1.8,4.0,3.4,0.1,0.75,21.1,-0.2
Dec-18,0.063959673,1.9,3.9,3.5,-0.5,0.75,21.1,0.0
Jan-19,-0.26870527,1.9,4.0,3.4,0.5,0.75,20.9,0.4
Feb-19,-0.118909727,1.8,3.8,3.6,0.6,0.75,20.8,1.5
Mar-19,-0.01395773,1.8,3.8,3.3,-0.2,0.75,21.0,-0.4
Apr-19,0.158602224,1.8,3.8,3.2,-0.4,0.75,20.9,-0.5
May-19,-0.139000132,1.7,3.9,3.4,0.5,0.75,20.9,-0.1
Jun-19,-0.00986536,1.8,3.9,3.9,0.6,0.75,20.7,0.0
Jul-19,-0.097481598,1.9,3.9,4.0,0.1,0.75,20.8,0.4
Aug-19,-0.210526316,1.5,3.9,3.8,-0.2,0.75,20.9,0.4
Sep-19,-0.040450948,1.7,3.8,3.8,0.4,0.75,20.8,-0.3
Oct-19,-0.026851358,1.7,3.8,3.2,-0.1,0.75,20.9,0.0
Dec-19,-0.208745339,1.4,3.9,2.7,0.4,0.75,20.6,1.6
Jan-20,-0.013384476,1.6,3.9,3.0,-0.1,0.75,20.5,0.1
Feb-20,-0.128326898,1.7,4.1,2.8,0.0,0.75,20.3,0.1
Mar-20,-0.12968047,1.6,4.1,2.2,-7.6,0.25,20.8,-0.1
Apr-20,-0.162392406,1.4,4.1,0.9,-19.2,0.1,21.0,-0.3
May-20,-0.610399562,1.2,4.1,-0.4,2.1,0.1,21.2,0.1
Jun-20,-0.263456865,1.4,4.4,-1.1,9.3,0.1,21.3,0.2
Jul-20,-0.452843859,1.8,4.6,-0.9,6.7,0.1,21.2,1.4
Aug-20,-0.243902439,0.9,5.0,0.1,3.5,0.1,21.3,1.2
Sep-20,-0.378079562,1.3,5.2,1.5,1.4,0.1,21.4,1.4
Oct-20,-0.009391749,1.5,5.2,2.8,0.3,0.1,21.4,0.3
Nov-20,-0.206846213,1.1,5.3,3.7,-2.1,0.1,21.3,1.0
Dec-20,-0.308708988,1.4,5.2,4.6,1.7,0.1,21.5,-0.3
Jan-21,-0.235122718,1.4,5.0,4.8,-3.2,0.1,21.5,0.3
Feb-21,-0.249708484,0.9,4.9,4.5,1.2,0.1,21.5,-0.5
Mar-21,-0.183896633,1.1,4.8,4.2,2.9,0.1,21.7,1.5
Apr-21,0.0690206,1.3,4.8,5.6,3.2,0.1,21.7,1.4
May-21,-0.299216452,2.0,4.7,7.5,1.4,0.1,21.7,1.3
Jun-21,0.194518984,2.3,4.6,8.9,1.0,0.1,21.5,-0.3
Jul-21,-0.176308976,1.8,4.5,8.4,-0.4,0.1,21.5,0.5
Sep-21,-0.182364296,2.9,4.3,5.9,0.6,0.1,21.5,1.3
Oct-21,-0.272520574,3.4,4.2,5.1,0.1,0.1,21.6,1.1
Nov-21,-0.349315418,4.0,4.2,4.4,0.5,0.1,21.6,0.9
Dec-21,-0.270719082,4.2,4.1,4.9,-0.2,0.25,21.6,1.1
Jan-22,-0.301886792,4.4,3.9,5.2,0.6,0.25,21.7,0.2
Feb-22,-0.228067445,5.2,3.8,5.9,0.4,0.5,21.8,1.2
Mar-22,-0.095804369,5.7,3.8,7.3,0.0,0.75,21.9,1.3
Apr-22,-0.139281423,6.2,3.7,7.1,0.2,0.75,21.8,1.1
May-22,-0.315481682,5.9,3.8,6.5,0.5,1.0,21.6,1.1
Jun-22,-0.186246056,5.8,3.6,5.2,-0.7,1.25,21.9,1.4
Jul-22,-0.192274313,6.2,3.6,5.5,0.5,1.25,22.2,-0.5
Sep-22,-0.33135146,6.5,3.8,6.0,-0.7,2.25,22.1,-0.3
Oct-22,-0.270878385,6.5,3.9,6.2,1.0,2.25,21.9,-0.3
Average,-0.175729037,0.0,0.0,0.0,0.0,0.0,0.0,0.0
