Month / Year,Sentiment_LM,Sentiment_Finbert,Core_Inflation,Unemployment,Ave_Weekly_earnings_growth,GDP_growth,Benchmark_interest_rate,Economic_Inactivity rate,House_Price_index,Consumer_Confidence,FTSE100,GBP_USD
Sep-98,-0.24,-0.19,0.1,0,#N/A,0.1,0,0,0.3,2,-3.59,2.9
Oct-98,-0.16,-0.21,-0.1,0,#N/A,0.5,-0.25,0,1,-6,7.13,0.72
Nov-98,-0.32,-0.09,-0.1,-0.1,#N/A,0.2,-0.5,-0.1,-0.1,2,7.2,-1.99
Dec-98,-0.35,-0.09,0.1,0.1,#N/A,0.3,-0.5,0,-0.2,-1,0.65,0.58
Jan-99,-0.28,-0.29,0,0,#N/A,0.2,-0.25,-0.2,0.7,5,0.23,-1.23
Feb-99,-0.08,-0.05,-0.2,0,#N/A,0.1,-0.5,0,0.5,2,4.63,-1.39
Mar-99,0.05,0,-0.1,0,#N/A,0.2,0,0.1,1.3,2,1.93,-0.34
May-99,0.03,-0.05,-0.1,-0.1,#N/A,0.9,0,0.1,2.2,4,-5.1,0.37
Jun-99,0.13,0.05,0,0,#N/A,0.2,-0.25,-0.1,1.4,0,1.47,-1.27
Aug-99,-0.65,-0.3,0,0,#N/A,0.3,0,-0.1,1.3,2,0.23,1.92
Sep-99,-0.34,-0.1,-0.2,-0.1,#N/A,0.5,0.25,-0.1,1.5,-2,-3.53,1.18
Oct-99,-0.03,-0.05,0,0,#N/A,0.9,0,0.1,1.9,0,3.68,1.97
Nov-99,-0.28,0.02,-0.1,0,#N/A,0.6,0.25,-0.1,0.6,-4,5.31,-2.23
Dec-99,-0.23,-0.07,-0.1,0.1,#N/A,-0.2,0,-0.1,2.8,3,4.92,-0.49
Jan-00,-0.01,-0.04,-0.2,-0.1,#N/A,1.3,0.25,0.1,0.7,7,-10.03,1.73
Feb-00,0.03,0,0.1,0,#N/A,-0.1,0.25,0,0.3,-6,-0.58,-2.49
Mar-00,0.08,-0.04,-0.1,-0.1,#N/A,-0.5,0,-0.1,0.6,-4,4.82,-1.34
Apr-00,-0.12,-0.09,-0.1,-0.1,#N/A,0.4,0,0,0.9,-2,-3.31,0.23
May-00,-0.02,-0.02,0,-0.1,#N/A,0.8,0,0,0.3,6,0.5,-4.73
Jun-00,0.15,0.06,-0.1,-0.2,#N/A,0.7,0,0.1,0.1,-2,-0.74,-0.08
Jul-00,0.21,0.17,0,0,#N/A,-0.7,0,0,0.7,-3,0.83,-0.05
Aug-00,0.09,0.05,0.1,0,#N/A,1,0,0,-0.5,4,4.72,-1.21
Sep-00,-0.07,0.08,0.1,0.1,#N/A,-0.1,0,-0.1,2.2,-6,-5.84,-3.85
Oct-00,0.25,0.01,0.2,-0.1,#N/A,0.1,0,0.1,0.2,5,2.26,1.22
Nov-00,-0.1,-0.07,-0.1,-0.1,#N/A,0.4,0,0.2,0.7,-2,-4.71,-1.78
Jan-01,-0.06,-0.1,0.3,0,#N/A,0.2,0,-0.2,1,6,1.2,1.01
Feb-01,-0.21,-0.22,-0.1,-0.1,#N/A,0,-0.25,0,1.2,-3,-6.22,-1.72
Mar-01,-0.08,-0.14,0.1,-0.1,6.1,0.8,0,0.1,1,1,-4.92,-0.59
Apr-01,0.05,0.02,0.4,-0.1,6.2,-0.4,-0.25,0,1.8,-2,5.75,-0.67
May-01,-0.16,-0.09,0.2,0.1,5.1,0.2,-0.25,0.1,0.7,1,-2.9,-0.53
Jun-01,-0.23,-0.24,0.2,0,5.5,0.4,0,-0.1,1.6,4,-2.69,-1.77
Jul-01,-0.46,-0.22,0.2,0.1,5.2,-0.1,0,0.1,0.7,-2,-2.03,0.79
Aug-01,-0.13,-0.06,0.3,0,5.3,0.2,-0.25,0,1.1,-4,-3.39,1.6
Sep-01,-0.22,-0.15,-0.5,0,4.8,-0.1,-0.25,0,1,-1,-8.62,1.82
Oct-01,-0.19,-0.1,-0.2,0,4.8,0.2,-0.25,0,0.5,-5,2.74,-0.74
Nov-01,-0.02,-0.1,0,0.1,4.6,0,-0.5,-0.1,1.3,3,3.2,-1.17
Dec-01,-0.19,0.03,0.3,0,4.2,0,0,0,1.8,2,0.26,0.41
Jan-02,0.26,0.17,0.3,-0.1,3.8,0.3,0,0.1,2.2,7,-1.01,-0.43
Feb-02,0.02,0.17,-0.1,0.1,3.2,-0.2,0,0.1,1.6,-1,-1.24,-0.81
Mar-02,-0.24,-0.12,0,0,3,0.3,0,0,0.5,-2,3.29,0.01
Apr-02,-0.09,-0.08,-0.2,0,3,0.8,0,-0.2,2.1,1,-2.04,1.27
May-02,-0.14,-0.14,-0.1,0,3.3,0.5,0,-0.1,2.5,2,-1.57,1.29
Jun-02,0.07,-0.02,0,0,3.7,-2.3,0,0,1.9,0,-8.81,1.55
Sep-02,-0.11,0.03,-0.1,-0.1,3.4,0.4,0,0,1.7,2,-12.74,1.06
Oct-02,-0.18,-0.28,0.4,0,3.1,0.1,0,-0.1,2.1,-3,8.2,0.25
Nov-02,-0.07,-0.07,0,-0.1,3,0.2,0,0,1.9,1,3.16,0.93
Dec-02,-0.11,-0.04,0.1,-0.1,2.8,0.2,0,0,1.9,-6,-5.65,0.65
Jan-03,-0.14,-0.04,-0.2,0.1,2.5,0.4,0,0.2,0.5,1,-9.94,2.01
Feb-03,-0.27,-0.27,0.2,0.1,2.2,0.4,-0.25,0,1.3,-6,2.44,-0.18
Mar-03,-0.14,-0.02,-0.2,-0.1,2.8,-0.2,0,-0.1,1.4,-1,-1.16,-1.77
Jun-03,0.33,0.12,-0.3,0.2,2.7,0.7,0,0,1.3,1,-0.42,2.44
Jul-03,-0.57,-0.08,0.3,0,2.7,0.4,-0.25,-0.1,1,1,3.07,-2.03
Aug-03,-0.37,-0.15,-0.1,-0.1,2.9,0.1,0,0.1,1.3,-2,0.98,-1.94
Sep-03,-0.21,-0.05,0.1,0,3.3,0.5,0,0,1.1,0,-2.57,0.68
Oct-03,0.06,-0.02,-0.1,-0.1,3.7,0.5,0,0,2.3,0,4.69,4.25
Nov-03,-0.27,-0.18,-0.1,0,3.9,-0.4,0.25,0.1,0.5,-3,1.27,0.8
Jan-04,-0.17,-0.05,0.3,0,5.1,-0.2,0,-0.2,0.6,5,-1.47,3.93
Feb-04,0.04,0.01,-0.1,0,4.9,0.1,0.25,-0.1,1.7,-2,1.81,2.46
Mar-04,-0.34,-0.1,-0.1,0,4.7,0.2,0,0,1.8,-1,-2.4,-2.05
Apr-04,-0.15,-0.16,0,0,3.7,-0.2,0,0.1,1.7,1,3.01,-0.84
Jun-04,0.3,0.15,0.2,0,4.2,0.2,0.25,0,1.4,-2,1.83,2.5
Jul-04,-0.12,-0.03,-0.1,-0.1,4.1,-0.1,0,0.1,1,1,-2.23,0.51
Aug-04,-0.37,-0.12,-0.1,0,4.1,-0.2,0.25,0,-0.1,-2,1.04,-1.17
Sep-04,0.29,-0.04,-0.2,0,4.1,0.3,0,0,0.5,-2,2.47,-1.17
Oct-04,-0.06,-0.12,0,0,4.2,0.4,0,0,1.4,1,1.16,0.51
Nov-04,-0.06,-0.06,0.2,0,4.2,0.1,0,-0.1,-0.4,2,1.69,2.65
Dec-04,-0.36,-0.1,0.2,0,4.3,0,0,-0.1,0.3,1,2.34,3.74
Jan-05,-0.11,-0.16,0,0.1,4.2,1,0,-0.1,0.6,4,0.79,-2.43
Feb-05,-0.13,-0.08,-0.1,-0.1,4.6,-0.1,0,-0.1,-0.5,-1,2.37,0.18
Mar-05,-0.05,-0.06,0.2,0,4.5,-0.5,0,0.2,0.4,1,-1.37,1.11
May-05,-0.16,-0.1,0.1,0,4.3,-0.5,0,0,0.2,-1,3.77,-2.02
Jun-05,-0.12,-0.02,0,-0.1,4.5,0.6,0,0,0.4,-2,2.51,-2.05
Aug-05,-0.16,-0.09,0,0,4.8,0,-0.25,-0.1,1.3,-3,0.28,2.33
Sep-05,-0.07,-0.16,-0.1,0.2,5,0.5,0,0,0.3,-1,3.36,0.9
Oct-05,-0.11,-0.16,0,0.2,4.8,-0.1,0,0,0.3,-3,-2.97,-2.53
Nov-05,0.22,-0.15,-0.2,0,4.7,1,0,0,0.8,0,3.21,-1.67
Dec-05,-0.14,-0.16,-0.2,0,4.6,0.8,0,0,0.6,-1,2.3,0.61
Jan-06,-0.08,-0.14,0,0.1,4.2,-0.4,0,0,0.3,6,2.83,1.01
Feb-06,-0.19,-0.14,0.1,0,4.4,-0.1,0,-0.1,1.1,-1,0.2,-0.86
Mar-06,-0.14,-0.33,-0.1,0.1,4.9,0.4,0,-0.2,0.3,-3,2.94,-0.24
Apr-06,-0.36,-0.06,0,0.1,5.3,-0.4,0,-0.1,1.5,3,0.98,1.19
May-06,-0.08,-0.12,-0.2,0.1,5,0.5,0,0.1,0,-1,-5.1,5.66
Jun-06,-0.05,0,0.1,0,4.9,0.2,0,-0.1,-0.3,1,1.9,-1.41
Jul-06,0.01,0.06,-0.3,0,5,-0.5,0,-0.1,1.5,0,1.61,0.1
Aug-06,-0.28,-0.24,0.2,0,4.7,0.3,0.25,-0.1,0.9,-4,-0.38,2.54
Sep-06,-0.23,-0.15,0.3,0,4.1,0.3,0,0.2,1.5,1,0.92,-0.25
Oct-06,-0.13,-0.02,0,-0.1,4,-0.6,0,0,1.5,2,2.79,-0.62
Nov-06,-0.04,-0.04,0.2,0.1,4.2,0.5,0.25,0.1,0.9,-2,-1.32,1.86
Dec-06,-0.23,-0.13,0.2,0,4.9,0.9,0,0,0.1,-1,2.8,2.7
Jan-07,0.06,0.02,-0.2,0,5.4,0,0.25,0.1,0.4,1,-0.29,-0.26
Feb-07,-0.16,-0.06,0.1,0,6.2,0.5,0,0.1,1.9,-1,-0.51,0.04
Mar-07,0.01,-0.01,0.2,0,5.8,0.2,0,0,0.5,0,2.19,-0.59
Apr-07,-0.43,-0.07,-0.1,-0.1,5.2,0.3,0,0,0.9,2,2.21,2
May-07,-0.15,-0.06,0.1,0,4.5,0.5,0.25,-0.1,0.7,4,2.64,-0.17
Jun-07,0.04,0.02,0.1,-0.1,4.5,0.2,0,0.1,0.5,-1,-0.2,0.1
Jul-07,-0.15,-0.01,-0.3,0,4.6,0.1,0.25,0,0.1,-3,-3.82,2.43
Sep-07,-0.25,-0.08,-0.3,-0.1,5.2,0.2,0,0,-0.1,-3,2.56,0.37
Oct-07,-0.34,-0.22,0,0,5,-0.1,0,-0.1,-0.2,-1,3.86,1.17
Nov-07,-0.2,-0.14,-0.1,0,4.9,0.6,0,0,-0.4,-2,-4.4,1.42
Dec-07,-0.28,-0.2,0,0,4.1,0.4,-0.25,0,0.1,-4,0.38,-2.61
Jan-08,-0.5,-0.34,-0.1,0,3.8,0,0,-0.1,0.4,1,-9.36,-2.45
Feb-08,-0.19,-0.26,-0.1,0,3.5,0.7,-0.25,-0.1,-1.5,-4,0.08,-0.29
Mar-08,-0.11,-0.07,0,0.1,4.1,-1.1,0,0.1,-1.2,-2,-3.14,1.91
Apr-08,-0.25,-0.23,0.2,-0.1,4.5,0.9,-0.25,-0.1,-0.6,-5,6.54,-1.01
Jun-08,-0.25,-0.15,0.1,0.1,4.2,-0.1,0,0,-2.1,-5,-7.33,0.02
Jul-08,-0.14,-0.11,0.3,0.2,3.7,-0.6,0,0,-1.6,-5,-3.88,1.1
Sep-08,-0.39,-0.28,0.2,0.1,3.1,-1.2,0,0,-1.6,4,-13.95,-5.25
Oct-08,-0.46,-0.31,-0.3,0.2,3.1,-0.2,-0.5,0.1,-2.5,-4,-11.33,-5.12
Nov-08,-0.37,-0.2,0.1,0.2,2.8,-1.3,-1.5,-0.2,-1.4,1,-2.06,-10.52
Dec-08,-0.08,-0.2,-0.9,0.1,2.8,-0.5,-1,0,-1.3,2,3.35,-3.27
Jan-09,-0.48,-0.31,0.2,0.2,1,-0.9,-0.5,-0.2,0.3,-4,-6.63,-2.7
Feb-09,-0.43,-0.2,0.3,0.4,-1.8,-0.1,-0.5,0.1,-1.8,2,-8.01,-0.65
Mar-09,-0.31,-0.19,0.1,0.2,-2.9,-0.8,-0.5,0,-0.4,5,2.48,-1.3
Apr-09,-0.37,-0.22,-0.2,0.3,-1.8,0.7,0,0.1,0.2,3,7.78,3.38
May-09,-0.27,-0.03,0.1,0.2,0.5,-1,0,0.1,0.5,0,4.02,4.64
Jun-09,-0.19,-0.06,0,0.1,1.2,0.4,0,0.1,0.6,2,-3.89,6.16
Jul-09,-0.31,-0.1,0.2,0,0.9,0.5,0,0.2,0.6,0,8.11,-0.08
Aug-09,-0.24,-0.14,0,-0.1,0.8,-0.6,0,-0.1,1.4,0,6.32,1.11
Sep-09,-0.2,-0.15,-0.1,0.1,0.7,0.2,0,0.1,1,9,4.48,-1.31
Oct-09,-0.43,-0.15,0.1,-0.1,0.6,0.2,0,0,1.2,3,-1.76,-0.99
Nov-09,-0.38,-0.02,0.1,0,0.7,0.1,0,0.1,0.2,-4,2.86,2.54
Dec-09,-0.29,-0.12,0.9,-0.1,0.7,0.5,0,0,1,-2,4.19,-2.2
Jan-10,-0.36,-0.1,0.3,0.2,2,-0.8,0,0.2,0.5,2,-4.23,-0.46
Feb-10,-0.34,-0.09,-0.2,0.1,4.6,1.6,0,0,-0.2,3,3.15,-3.4
Mar-10,-0.3,-0.08,0.1,0,5,0.8,0,0,0.8,-1,5.89,-3.61
Apr-10,-0.43,-0.1,0.1,-0.1,3.8,-0.3,0,0,-0.6,-1,-2.25,1.82
May-10,-0.34,-0.3,-0.2,0,1.3,0.6,0,-0.2,0,-2,-6.8,-4.15
Jun-10,-0.32,-0.13,0.2,-0.1,1,0,0,0.1,0.1,-1,-5.38,0.22
Jul-10,-0.29,-0.09,-0.5,0,1.2,0.1,0,-0.2,-0.1,-3,6.71,3.54
Aug-10,-0.13,-0.09,0.2,0,1.3,0.2,0,0,-0.8,4,-0.63,2.55
Sep-10,-0.24,-0.09,-0.1,0.1,1.5,0.2,0,-0.1,-0.5,-2,6.01,-0.67
Oct-10,-0.28,-0.11,0,0,1.7,0.4,0,0.1,-0.2,1,2.25,1.93
Nov-10,-0.29,-0.06,0,0,1.8,-0.3,0,0.2,0.5,-2,-2.62,0.69
Dec-10,-0.25,-0.15,0.2,0,1.9,-0.9,0,0,-0.9,0,6.51,-2.4
Jan-11,-0.24,-0.04,0.1,-0.1,2.7,0.5,0,-0.2,-0.5,-8,-0.63,1.07
Feb-11,-0.22,-0.06,0.4,0,2.6,0.4,0,0,0,1,2.21,2.21
Mar-11,-0.24,-0.11,-0.2,-0.1,2.8,0.2,0,0.1,1,0,-1.43,0.39
Apr-11,-0.18,-0.03,0.5,0.1,2.1,-0.9,0,0.1,-0.9,-3,2.69,1.1
May-11,-0.15,-0.13,-0.4,0.1,2.4,1,0,-0.1,0.1,10,-1.33,-0.01
Jun-11,-0.36,-0.13,-0.5,0.1,2.5,0.1,0,-0.1,-0.4,-4,-0.74,-0.81
Jul-11,-0.47,-0.14,0.3,0.2,2.8,0.1,0,0.2,0.6,-5,-2.22,-0.42
Aug-11,-0.33,-0.17,0,0.1,2.7,-0.3,0,-0.1,0.1,-1,-7.51,1.29
Sep-11,-0.31,-0.21,0.2,0.1,2.2,0.1,0,0,-0.6,1,-5.06,-3.5
Oct-11,-0.27,-0.08,0.1,0.1,1.9,-0.9,0,-0.1,-0.5,-2,7.79,-0.24
Nov-11,-0.35,-0.18,-0.2,-0.1,1.9,1.3,0,-0.1,0.8,1,-0.7,0.4
Dec-11,-0.31,-0.24,-0.2,-0.1,1.9,0.8,0,0,0.3,-2,1.21,-1.48
Jan-12,-0.3,-0.18,-0.4,0,1.2,0.4,0,0,-0.1,4,1.94,-0.59
Feb-12,-0.39,-0.12,-0.2,-0.1,0.8,-0.7,0,0,0.2,0,3.29,1.88
Mar-12,-0.29,-0.08,0.1,0,0.6,0.2,0,-0.1,-0.4,-2,-1.77,0.17
Apr-12,-0.22,-0.09,-0.4,-0.1,1.3,-0.5,0,0,0.4,0,-0.53,1.04
May-12,-0.48,-0.16,0.1,-0.1,1.5,1.5,0,-0.1,-0.5,2,-7.54,-0.32
Jun-12,-0.41,-0.09,-0.1,0,1.6,-1.3,0,-0.2,0.1,0,4.6,-2.46
Jul-12,-0.55,-0.19,0.2,-0.1,1.5,1.4,0,-0.2,-0.4,0,1.14,0.33
Aug-12,-0.5,-0.16,-0.2,-0.1,1.7,0.6,0,0,-0.3,0,1.34,0.69
Sep-12,-0.27,-0.13,0,0,1.8,-1,0,0.1,0.8,1,0.53,2.44
Oct-12,-0.36,-0.1,0.5,0,1.7,0.3,0,0,0,-2,0.71,-0.13
Nov-12,-0.33,-0.13,0,0,1.5,0.3,0,-0.2,0.3,8,1.44,-0.72
Dec-12,-0.25,-0.13,-0.2,0,1.2,-0.4,0,-0.1,0,-7,0.53,1.02
Jan-13,-0.3,-0.11,-0.1,0.2,1.1,-0.2,0,0,0.5,3,6.23,-0.89
Feb-13,-0.09,-0.05,0,-0.2,1,0.9,0,0.1,0.4,0,1.33,-2.96
Mar-13,-0.16,-0.21,0.1,0,0.5,-0.2,0,0.1,0.2,0,0.8,-2.8
Apr-13,-0.05,-0.08,-0.4,-0.1,1.4,0.3,0,0,-0.3,-1,0.29,1.44
May-13,-0.24,-0.1,0.2,0,1.6,0.2,0,0.1,1.6,5,2.35,0
Jun-13,-0.28,-0.07,0.1,0,2.2,0.2,0,-0.2,0.6,1,-5.75,1.06
Jul-13,-0.21,0.05,-0.3,0,1.2,0.2,0,-0.1,0.7,5,6.32,-1.94
Aug-13,-0.2,-0.07,0,-0.1,0.8,0.3,0,0,1,3,-3.19,2.09
Sep-13,0.04,0,0.2,-0.2,0.7,0.1,0,-0.1,0.7,3,0.77,2.24
Oct-13,-0.23,-0.04,-0.5,-0.2,0.8,0.7,0,0,1.2,-1,4.08,1.53
Nov-13,-0.21,-0.12,0.1,0,0.8,0,0,0,0.5,-1,-1.21,0.02
Dec-13,-0.05,0.04,-0.1,-0.1,1,-0.3,0,0,0.6,-1,1.47,1.71
Jan-14,-0.19,-0.14,-0.1,-0.2,1.2,0.6,0,-0.1,0.8,6,-3.6,0.6
Feb-14,-0.37,-0.16,0.1,-0.2,1.7,0.6,0,0,1.1,0,4.49,0.49
Mar-14,-0.05,0.04,-0.1,-0.1,1.8,0.4,0,0,0.6,2,-3.15,0.5
Apr-14,-0.24,-0.04,0.4,-0.2,0.6,0.2,0,-0.1,-0.5,2,2.72,0.6
May-14,-0.27,-0.09,-0.4,-0.1,0,0.2,0,-0.1,1.5,3,0.95,0.65
Jun-14,-0.28,-0.15,0.4,-0.2,-0.3,0.4,0,0.2,1,1,-1.48,0.36
Jul-14,-0.34,-0.04,-0.2,-0.1,0.5,0.5,0,0.1,0.5,-3,-0.21,1.06
Aug-14,-0.11,-0.14,0.1,0,0.6,0,0,-0.1,0.5,3,1.32,-2.19
Sep-14,-0.11,-0.06,-0.4,-0.1,0.9,0.3,0,0,0.2,-2,-2.93,-2.45
Oct-14,-0.25,-0.05,0,0,1.4,0.4,0,0.1,0.4,-1,-1.16,-1.45
Nov-14,-0.31,-0.06,-0.3,-0.2,1.7,0,0,0.1,0.2,0,2.66,-1.81
Dec-14,-0.4,-0.13,0.1,-0.1,2,0.1,0,-0.1,0.7,-2,-2.36,-0.95
Jan-15,-0.1,-0.02,0.1,0,1.8,-0.1,0,-0.1,0.2,5,2.75,-3.23
Feb-15,0.05,0.05,-0.2,-0.1,1.7,0.3,0,-0.1,0.4,0,2.88,1.17
Mar-15,-0.25,-0.09,-0.2,0,2.3,0.2,0,0.1,0.5,3,-2.53,-2.21
May-15,-0.26,-0.11,0.1,0,3.1,0,0,0,0.7,-3,0.34,3.44
Jun-15,-0.19,-0.04,-0.1,-0.1,2.5,-0.1,0,0,0.6,6,-6.87,0.73
Jul-15,-0.36,-0.03,0.4,-0.1,2.8,0.4,0,0,1,-3,2.65,-0.1
Aug-15,-0.35,-0.18,-0.2,-0.1,3,-0.1,0,0,1.2,3,-6.93,0.19
Sep-15,-0.22,-0.03,0,-0.1,2.9,0.2,0,-0.2,0.3,-4,-3.03,-1.59
Oct-15,-0.15,-0.06,0.1,-0.1,2.4,0.4,0,-0.1,0.3,-1,4.82,-0.09
Nov-15,-0.11,0.05,0.1,0,2,-0.1,0,0,1.1,-1,-0.08,-0.87
Dec-15,-0.26,0,0.2,0,1.9,0.3,0,0,0.2,1,-1.81,-1.27
Jan-16,-0.25,-0.07,-0.2,0,2.2,0.1,0,0,1.1,2,-2.57,-3.98
Feb-16,-0.18,-0.04,0,0,2,0.6,0,-0.1,0.4,-4,0.22,-0.71
Mar-16,-0.24,0,0.3,-0.1,2.1,-0.2,0,0.1,0.7,0,1.27,-0.48
Apr-16,-0.29,-0.05,-0.3,-0.1,2.2,0.9,0,0,0.6,-3,1.08,0.36
May-16,-0.27,-0.05,0,0,2.4,-0.3,0,-0.2,0.2,2,-0.18,1.56
Jun-16,0.13,0.01,0.2,0,2.6,0.2,0,0,0.4,0,4.3,-1.96
Jul-16,-0.29,-0.14,-0.1,0.1,2.5,0.1,0,-0.1,0.1,-11,3.33,-8.04
Aug-16,0.19,0.12,0,-0.2,2.4,0.2,-0.25,0,0,5,0.85,-0.4
Sep-16,0.07,0.02,0.2,0,2.4,0.5,0,0.1,0.5,6,1.72,0.43
Oct-16,-0.21,0,-0.3,0,2.5,-0.3,0,0,0.6,-2,0.79,-6.04
Nov-16,-0.19,-0.06,0.2,-0.1,2.7,0.4,0,0.1,0.5,-5,-2.48,0.61
Dec-16,-0.07,-0.04,0.2,0,2.5,0.8,0,-0.1,0.4,1,5.16,0.24
Jan-17,0.09,-0.03,0,-0.1,2.1,0.3,0,0,-0.1,2,-0.61,-1.06
Feb-17,-0.11,-0.03,0.4,0,2.1,0.1,0,0,0.3,-1,2.29,1.1
Mar-17,-0.15,-0.02,-0.2,-0.1,2.3,0.1,0,-0.1,0.3,0,0.82,-1.14
Apr-17,0.05,0,0.6,-0.1,2.2,0.5,0,0,0.1,-1,-1.64,2.39
Jun-17,-0.06,-0.03,-0.2,-0.1,2.2,0.2,0,-0.2,0.1,-5,-2.79,-0.94
Jul-17,-0.21,-0.06,0,0,2.2,0.2,0,-0.1,0.3,-2,0.81,1.59
Aug-17,-0.07,-0.2,0.3,0,2.4,0.1,0,0.2,0.7,2,0.79,-0.37
Sep-17,-0.03,-0.02,0,-0.1,2.3,0.5,0,0.2,0.8,1,-0.78,2.74
Oct-17,0.01,0,0,0.1,2.6,0.1,0,-0.1,-0.5,-1,1.62,-0.91
Nov-17,-0.15,-0.06,0,0.1,2.5,0.2,0.25,-0.3,0,-2,-2.25,0.15
Dec-17,-0.25,0.11,-0.2,-0.1,2.6,0.3,0,0.1,0.5,-1,4.81,1.41
Jan-18,0.04,-0.19,0.2,-0.1,2.7,-0.2,0,-0.1,0.5,4,-2.03,3.02
Feb-18,-0.16,-0.04,-0.3,0,2.9,0,0,0,0.9,-1,-4.09,1.11
Mar-18,0.12,0.05,-0.1,0,2.6,-0.1,0,-0.1,-0.6,3,-2.45,-0.03
Apr-18,-0.13,-0.03,-0.2,0,2.6,0,0,-0.1,-0.2,-2,6.22,0.71
May-18,-0.07,-0.06,0,-0.2,2.5,0.3,0,0,0.6,2,2.28,-4.36
Jun-18,-0.05,-0.02,-0.2,0,2.4,0.3,0,0.2,0.4,-2,-0.59,-1.26
Jul-18,-0.18,-0.06,0,0,2.7,-0.2,0,0.1,0.1,-1,1.45,-0.94
Aug-18,-0.14,-0.08,0.2,0.1,2.9,0.3,0.25,-0.1,0,3,-4.17,-2.34
Sep-18,-0.21,-0.03,-0.2,0,3.1,0.1,0,0,0.3,-2,1.04,1.36
Oct-18,-0.21,-0.06,0,-0.1,3.4,0.1,0,-0.2,0.1,-1,-5.22,-0.16
Nov-18,0.17,0.13,-0.1,0,3.4,0.1,0,0,-0.2,-3,-2.1,-0.93
Dec-18,0.06,0.07,0.1,-0.1,3.5,-0.5,0,0,0,-1,-3.68,-1.74
Jan-19,-0.27,-0.12,0,0.1,3.4,0.5,0,-0.2,0.4,0,3.52,1.71
Feb-19,-0.12,-0.12,-0.1,-0.2,3.6,0.6,0,-0.1,1.5,1,1.51,0.85
Mar-19,-0.01,-0.02,0,0,3.3,-0.2,0,0.2,-0.4,0,2.85,1.19
Apr-19,0.2,0.08,0,0,3.2,-0.4,0,-0.1,-0.5,0,1.89,-1.06
May-19,-0.14,0,-0.1,0.1,3.4,0.5,0,0,-0.1,3,-3.52,-1.28
Jun-19,-0.02,0.1,0.1,0,3.9,0.6,0,-0.2,0,-3,3.62,-1.43
Jul-19,-0.1,0.01,0.1,0,4,0.1,0,0.1,0.4,2,2.15,-1.62
Aug-19,-0.21,-0.11,-0.4,0,3.8,-0.2,0,0.1,0.4,-3,-5.13,-2.56
Sep-19,-0.04,0.04,0.2,-0.1,3.8,0.4,0,-0.1,-0.3,2,2.75,1.61
Oct-19,-0.03,0.01,0,0,3.2,-0.1,0,0.1,0,-2,-2.18,2.5
Dec-19,-0.21,0,-0.3,0.2,2.7,0.4,0,-0.1,1.6,3,2.63,1.72
Jan-20,-0.03,-0.16,0.2,0,3,-0.1,0,-0.1,0.1,2,-3.46,-0.21
Feb-20,-0.13,0.03,0.1,0.2,2.8,0,0,-0.2,0.1,2,-10.18,-0.81
Mar-20,-0.11,-0.1,-0.1,0,2.2,-7.6,-0.65,0.5,-0.1,-2,-14.86,-4.72
Apr-20,-0.16,-0.11,-0.2,0,0.9,-19.2,0,0.2,-0.3,-25,3.96,0.41
May-20,-0.61,-0.27,-0.2,0,-0.4,2.1,0,0.2,0.1,0,2.93,-0.9
Jun-20,-0.26,0.01,0.2,0.3,-1.1,9.3,0,0.1,0.2,4,1.52,1.61
Jul-20,-0.45,-0.12,0.4,0.2,-0.9,6.7,0,-0.1,1.4,3,-4.51,1.26
Aug-20,-0.24,-0.03,-0.9,0.4,0.1,3.5,0,0.1,1.2,0,1.11,3.62
Sep-20,-0.33,-0.16,0.4,0.2,1.5,1.4,0,0.1,1.4,2,-1.65,-1.43
Oct-20,0.03,0.04,0.2,0,2.8,0.3,0,0,0.3,-6,-5.05,0.26
Nov-20,-0.2,-0.04,-0.4,0.1,3.7,-2.1,0,-0.1,1,-2,11.65,1.71
Dec-20,-0.31,-0.03,0.3,-0.1,4.6,1.7,0,0.2,-0.3,7,3.05,1.65
Jan-21,-0.24,-0.01,0,-0.2,4.8,-3.2,0,0,0.3,-2,-0.82,1.57
Feb-21,-0.25,-0.08,-0.5,-0.1,4.5,1.2,0,0,-0.5,5,1.18,1.68
Mar-21,-0.19,-0.06,0.2,-0.1,4.2,2.9,0,0.2,1.5,7,3.49,-0.09
Apr-21,0.07,0.14,0.2,0,5.6,3.2,0,0,1.4,1,3.74,-0.19
May-21,-0.3,-0.04,0.7,-0.1,7.5,1.4,0,0,1.3,6,0.75,1.66
Jun-21,0.19,0.08,0.3,-0.1,8.9,1,0,-0.2,-0.3,0,0.21,-0.36
Jul-21,-0.18,-0.08,-0.5,-0.1,8.4,-0.4,0,0,0.5,2,-0.07,-1.46
Sep-21,-0.18,-0.03,-0.2,-0.1,5.9,0.6,0,0,1.3,-5,-0.47,-0.36
Oct-21,-0.27,-0.04,0.5,-0.1,5.1,0.1,0,0.1,1.1,-4,2.11,-0.47
Nov-21,-0.33,-0.06,0.6,0,4.4,0.5,0,0,0.9,3,-2.49,-1.76
Dec-21,-0.25,-0.18,0.2,-0.1,4.9,-0.2,0.15,0,1.1,-1,4.5,-1.01
Jan-22,-0.28,-0.11,0.2,-0.2,5.2,0.6,0,0.1,0.2,-4,1.08,1.84
Feb-22,-0.23,-0.11,0.8,-0.1,5.9,0.4,0.25,0.1,1.2,-7,-0.08,-0.14
Mar-22,-0.1,0.05,0.5,0,7.3,0,0.25,0.1,1.3,-5,0.77,-2.8
Apr-22,-0.06,-0.04,0.5,-0.1,7.1,0.2,0,-0.1,1.1,-7,0.38,-1.75
May-22,-0.3,-0.12,-0.3,0.1,6.5,0.5,0.25,-0.2,1.1,-2,0.83,-3.87
Jun-22,-0.19,-0.05,-0.1,-0.2,5.2,-0.7,0.25,0.3,1.4,-1,-5.94,-1.02
Jul-22,-0.17,-0.08,0.4,0,5.5,0.5,0,0.3,-0.5,0,3.48,-2.61
Sep-22,-0.33,-0.08,0.2,0.1,6,-0.7,0.5,0,-0.3,-5,-5.51,-5.57
Oct-22,-0.27,-0.13,0,0.1,6.2,1,0,-0.2,-0.3,2,2.87,-0.27
